[{"model": "admin_dashboard.program", "pk": 1, "fields": {"name": "BSCS", "full": "Bachelor of Science in Computer Science"}}, {"model": "admin_dashboard.program", "pk": 2, "fields": {"name": "BSIT", "full": "Bachelor of Science in Information Technology"}}, {"model": "admin_dashboard.student", "pk": 1, "fields": {"user": 2, "studentnumber": "202500001", "firstname": "Marianne Shaine", "middlename": "", "lastname": "Canonoy", "suffix": "", "dateofbirth": "2006-09-05", "gender": "Female", "email": "bebotcans@gmail.com", "contact": "09199999999", "address": "Blk 16 lot 44 lecaros st. woodsite 2 pasong buaya 2 imus cavite", "year": "1st Year", "course": 2, "sectionyear": "1", "section": "1", "status": "Regular", "new_or_old": "New"}}, {"model": "admin_dashboard.student", "pk": 2, "fields": {"user": 3, "studentnumber": "202211878", "firstname": "Luisha Gail", "middlename": "", "lastname": "Zaballero", "suffix": "", "dateofbirth": "2002-03-22", "gender": "Female", "email": "bc.luishagail.zaballero@cvsu.edu.ph", "contact": "09623052769", "address": "Blk 16 lot 44 lecaros st. woodsite 2 pasong buaya 2 imus cavite", "year": "3rd Year", "course": 1, "sectionyear": "3", "section": "3", "status": "Regular", "new_or_old": "Old"}}, {"model": "admin_dashboard.subject", "pk": 12, "fields": {"course_code": "GNED 02", "course_title": "Ethics", "program": 2, "year": 1, "semester": 1, "subject_units_lec": 3, "subject_units_lab": 0, "prerequisite": []}}, {"model": "admin_dashboard.subject", "pk": 13, "fields": {"course_code": "GNED 05", "course_title": "Purposive Communication", "program": 2, "year": 1, "semester": 1, "subject_units_lec": 3, "subject_units_lab": 0, "prerequisite": []}}, {"model": "admin_dashboard.subject", "pk": 14, "fields": {"course_code": "GNED 11", "course_title": "Kontekstwalisadong Komunikasyon sa Filipino", "program": 2, "year": 1, "semester": 1, "subject_units_lec": 3, "subject_units_lab": 0, "prerequisite": []}}, {"model": "admin_dashboard.subject", "pk": 15, "fields": {"course_code": "COSC 50", "course_title": "Discrete Structure", "program": 2, "year": 1, "semester": 1, "subject_units_lec": 3, "subject_units_lab": 0, "prerequisite": []}}, {"model": "admin_dashboard.subject", "pk": 16, "fields": {"course_code": "DCIT 21", "course_title": "Introduction to Computing", "program": 2, "year": 1, "semester": 1, "subject_units_lec": 2, "subject_units_lab": 1, "prerequisite": []}}, {"model": "admin_dashboard.subject", "pk": 17, "fields": {"course_code": "DCIT 22", "course_title": "Computer Programming 1", "program": 2, "year": 1, "semester": 1, "subject_units_lec": 1, "subject_units_lab": 2, "prerequisite": []}}, {"model": "admin_dashboard.subject", "pk": 18, "fields": {"course_code": "FITT 1", "course_title": "Movement Enhancement", "program": 2, "year": 1, "semester": 1, "subject_units_lec": 2, "subject_units_lab": 0, "prerequisite": []}}, {"model": "admin_dashboard.subject", "pk": 19, "fields": {"course_code": "NSTP 1", "course_title": "National Service Training Program 1", "program": 2, "year": 1, "semester": 1, "subject_units_lec": 3, "subject_units_lab": 0, "prerequisite": []}}, {"model": "admin_dashboard.subject", "pk": 20, "fields": {"course_code": "ORNT 1", "course_title": "Institutional Orientation", "program": 2, "year": 1, "semester": 1, "subject_units_lec": 1, "subject_units_lab": 0, "prerequisite": []}}, {"model": "admin_dashboard.subject", "pk": 21, "fields": {"course_code": "GNED 01", "course_title": "Arts Appreciation", "program": 2, "year": 1, "semester": 2, "subject_units_lec": 3, "subject_units_lab": 0, "prerequisite": []}}, {"model": "admin_dashboard.subject", "pk": 22, "fields": {"course_code": "GNED 06", "course_title": "Science, Technology and Society", "program": 2, "year": 1, "semester": 2, "subject_units_lec": 3, "subject_units_lab": 0, "prerequisite": []}}, {"model": "admin_dashboard.subject", "pk": 23, "fields": {"course_code": "GNED 12", "course_title": "Dalumat Ng/Sa Filipino", "program": 2, "year": 1, "semester": 2, "subject_units_lec": 3, "subject_units_lab": 0, "prerequisite": []}}, {"model": "admin_dashboard.subject", "pk": 24, "fields": {"course_code": "GNED 03", "course_title": "Mathematics in the Modern World", "program": 2, "year": 1, "semester": 2, "subject_units_lec": 3, "subject_units_lab": 0, "prerequisite": []}}, {"model": "admin_dashboard.subject", "pk": 25, "fields": {"course_code": "DCIT 23", "course_title": "Computer Programming 2", "program": 2, "year": 1, "semester": 2, "subject_units_lec": 1, "subject_units_lab": 2, "prerequisite": [17]}}, {"model": "admin_dashboard.subject", "pk": 26, "fields": {"course_code": "ITEC 50", "course_title": "Web System and Technologies 1", "program": 2, "year": 1, "semester": 2, "subject_units_lec": 2, "subject_units_lab": 1, "prerequisite": [16]}}, {"model": "admin_dashboard.subject", "pk": 27, "fields": {"course_code": "FITT 2", "course_title": "Fitness Exercise", "program": 2, "year": 1, "semester": 2, "subject_units_lec": 2, "subject_units_lab": 0, "prerequisite": [18]}}, {"model": "admin_dashboard.subject", "pk": 28, "fields": {"course_code": "NSTP 2", "course_title": "National Service Training Program 2", "program": 2, "year": 1, "semester": 2, "subject_units_lec": 3, "subject_units_lab": 0, "prerequisite": [19]}}, {"model": "admin_dashboard.subject", "pk": 29, "fields": {"course_code": "GNED 04", "course_title": "Mga Babasahin Hinggil sa Kasaysayan ng Pilipinas", "program": 2, "year": 2, "semester": 1, "subject_units_lec": 3, "subject_units_lab": 0, "prerequisite": []}}, {"model": "admin_dashboard.subject", "pk": 30, "fields": {"course_code": "GNED 07", "course_title": "The Contemporary World", "program": 2, "year": 2, "semester": 1, "subject_units_lec": 3, "subject_units_lab": 0, "prerequisite": []}}, {"model": "admin_dashboard.subject", "pk": 31, "fields": {"course_code": "GNED 10", "course_title": "Gender and Society", "program": 2, "year": 2, "semester": 1, "subject_units_lec": 3, "subject_units_lab": 0, "prerequisite": []}}, {"model": "admin_dashboard.subject", "pk": 32, "fields": {"course_code": "GNED 14", "course_title": "Panitikang Panlipunan", "program": 2, "year": 2, "semester": 1, "subject_units_lec": 3, "subject_units_lab": 0, "prerequisite": []}}, {"model": "admin_dashboard.subject", "pk": 33, "fields": {"course_code": "ITEC 55", "course_title": "Platform Technologies", "program": 2, "year": 2, "semester": 1, "subject_units_lec": 2, "subject_units_lab": 1, "prerequisite": [25]}}, {"model": "admin_dashboard.subject", "pk": 34, "fields": {"course_code": "DCIT 24", "course_title": "Information Management", "program": 2, "year": 2, "semester": 1, "subject_units_lec": 2, "subject_units_lab": 1, "prerequisite": [25]}}, {"model": "admin_dashboard.subject", "pk": 35, "fields": {"course_code": "DCIT 50", "course_title": "Object Oriented Programming", "program": 2, "year": 2, "semester": 1, "subject_units_lec": 2, "subject_units_lab": 1, "prerequisite": [25]}}, {"model": "admin_dashboard.subject", "pk": 36, "fields": {"course_code": "FITT 3", "course_title": "Physical Activities towards Health and Fitness I", "program": 2, "year": 2, "semester": 1, "subject_units_lec": 2, "subject_units_lab": 0, "prerequisite": []}}, {"model": "admin_dashboard.subject", "pk": 37, "fields": {"course_code": "GNED 08", "course_title": "Understanding the Self", "program": 2, "year": 2, "semester": 2, "subject_units_lec": 3, "subject_units_lab": 0, "prerequisite": []}}, {"model": "admin_dashboard.subject", "pk": 38, "fields": {"course_code": "DCIT 25", "course_title": "Data Structures and Algorithms", "program": 2, "year": 2, "semester": 2, "subject_units_lec": 2, "subject_units_lab": 1, "prerequisite": [35]}}, {"model": "admin_dashboard.subject", "pk": 39, "fields": {"course_code": "ITEC 60", "course_title": "Integrated Programming and Technologies 1", "program": 2, "year": 2, "semester": 2, "subject_units_lec": 2, "subject_units_lab": 1, "prerequisite": [26, 35]}}, {"model": "admin_dashboard.subject", "pk": 40, "fields": {"course_code": "ITEC 65", "course_title": "Open Source Technology", "program": 2, "year": 2, "semester": 2, "subject_units_lec": 2, "subject_units_lab": 1, "prerequisite": []}}, {"model": "admin_dashboard.subject", "pk": 41, "fields": {"course_code": "DCIT 55", "course_title": "Advanced Database System", "program": 2, "year": 2, "semester": 2, "subject_units_lec": 2, "subject_units_lab": 1, "prerequisite": [34]}}, {"model": "admin_dashboard.subject", "pk": 42, "fields": {"course_code": "ITEC 70", "course_title": "Multimedia Systems", "program": 2, "year": 2, "semester": 2, "subject_units_lec": 2, "subject_units_lab": 1, "prerequisite": []}}, {"model": "admin_dashboard.subject", "pk": 43, "fields": {"course_code": "FITT 4", "course_title": "Physical Activities towards Health and Fitness  II", "program": 2, "year": 2, "semester": 2, "subject_units_lec": 2, "subject_units_lab": 0, "prerequisite": []}}, {"model": "admin_dashboard.subject", "pk": 44, "fields": {"course_code": "ITEC 80", "course_title": "Introduction to Human Computer Interaction", "program": 2, "year": 3, "semester": 1, "subject_units_lec": 2, "subject_units_lab": 1, "prerequisite": []}}, {"model": "admin_dashboard.subject", "pk": 45, "fields": {"course_code": "STAT 2", "course_title": "Applied Statistics", "program": 2, "year": 2, "semester": 3, "subject_units_lec": 3, "subject_units_lab": 0, "prerequisite": []}}, {"model": "admin_dashboard.subject", "pk": 46, "fields": {"course_code": "ITEC 75", "course_title": "System Integration and Architecture 1", "program": 2, "year": 2, "semester": 3, "subject_units_lec": 2, "subject_units_lab": 1, "prerequisite": [39]}}, {"model": "admin_dashboard.subject", "pk": 47, "fields": {"course_code": "ITEC 85", "course_title": "Information Assurance and Security 1", "program": 2, "year": 3, "semester": 1, "subject_units_lec": 2, "subject_units_lab": 1, "prerequisite": [46]}}, {"model": "admin_dashboard.subject", "pk": 48, "fields": {"course_code": "ITEC 90", "course_title": "Network Fundamentals", "program": 2, "year": 3, "semester": 1, "subject_units_lec": 2, "subject_units_lab": 1, "prerequisite": [33]}}, {"model": "admin_dashboard.subject", "pk": 49, "fields": {"course_code": "INSY 55", "course_title": "System Analysis and Design", "program": 2, "year": 3, "semester": 1, "subject_units_lec": 2, "subject_units_lab": 1, "prerequisite": []}}, {"model": "admin_dashboard.subject", "pk": 50, "fields": {"course_code": "DCIT 26", "course_title": "Application Development and Emerging Technologies", "program": 2, "year": 3, "semester": 1, "subject_units_lec": 2, "subject_units_lab": 1, "prerequisite": [41]}}, {"model": "admin_dashboard.subject", "pk": 51, "fields": {"course_code": "DCIT 60", "course_title": "Methods of Research", "program": 2, "year": 3, "semester": 1, "subject_units_lec": 3, "subject_units_lab": 0, "prerequisite": []}}, {"model": "admin_dashboard.subject", "pk": 52, "fields": {"course_code": "GNED 09", "course_title": "Rizal: Life, Works, and Writings", "program": 2, "year": 3, "semester": 2, "subject_units_lec": 3, "subject_units_lab": 0, "prerequisite": [29]}}, {"model": "admin_dashboard.subject", "pk": 53, "fields": {"course_code": "ITEC 95", "course_title": "Quantitative Methods (Modeling & Simulation)", "program": 2, "year": 3, "semester": 2, "subject_units_lec": 3, "subject_units_lab": 0, "prerequisite": [15, 45]}}, {"model": "admin_dashboard.subject", "pk": 54, "fields": {"course_code": "ITEC 101", "course_title": "IT ELECTIVE 1 (Human Computer Interaction 2)", "program": 2, "year": 3, "semester": 2, "subject_units_lec": 2, "subject_units_lab": 1, "prerequisite": [44]}}, {"model": "admin_dashboard.subject", "pk": 55, "fields": {"course_code": "ITEC 106", "course_title": "IT ELECTIVE 2 (Web System and Technologies 2)", "program": 2, "year": 3, "semester": 2, "subject_units_lec": 2, "subject_units_lab": 1, "prerequisite": [26]}}, {"model": "admin_dashboard.subject", "pk": 56, "fields": {"course_code": "ITEC 100", "course_title": "Information Assurance and Security 2", "program": 2, "year": 3, "semester": 2, "subject_units_lec": 2, "subject_units_lab": 1, "prerequisite": [47]}}, {"model": "admin_dashboard.subject", "pk": 57, "fields": {"course_code": "ITEC 105", "course_title": "Network Management", "program": 2, "year": 3, "semester": 2, "subject_units_lec": 2, "subject_units_lab": 1, "prerequisite": [48]}}, {"model": "admin_dashboard.subject", "pk": 58, "fields": {"course_code": "ITEC 200A", "course_title": "Capstone Project and Research 1", "program": 2, "year": 3, "semester": 2, "subject_units_lec": 3, "subject_units_lab": 0, "prerequisite": [47, 50, 51]}}, {"model": "admin_dashboard.subject", "pk": 59, "fields": {"course_code": "DCIT 65", "course_title": "Social and Professional Issues", "program": 2, "year": 4, "semester": 1, "subject_units_lec": 3, "subject_units_lab": 0, "prerequisite": []}}, {"model": "admin_dashboard.subject", "pk": 60, "fields": {"course_code": "ITEC 111", "course_title": "IT ELECTIVE 3 (Integrated Programming and Technologies 2)", "program": 2, "year": 4, "semester": 1, "subject_units_lec": 2, "subject_units_lab": 1, "prerequisite": [39]}}, {"model": "admin_dashboard.subject", "pk": 61, "fields": {"course_code": "ITEC 116", "course_title": "IT ELECTIVE 4 (Systems Integration and Architecture 2)", "program": 2, "year": 4, "semester": 1, "subject_units_lec": 2, "subject_units_lab": 1, "prerequisite": [46]}}, {"model": "admin_dashboard.subject", "pk": 62, "fields": {"course_code": "ITEC 110", "course_title": "Systems Administration and Maintenance", "program": 2, "year": 4, "semester": 1, "subject_units_lec": 2, "subject_units_lab": 1, "prerequisite": [56]}}, {"model": "admin_dashboard.subject", "pk": 63, "fields": {"course_code": "ITEC 200B", "course_title": "Capstone Project and Research 2", "program": 2, "year": 4, "semester": 1, "subject_units_lec": 3, "subject_units_lab": 0, "prerequisite": [58]}}, {"model": "admin_dashboard.subject", "pk": 64, "fields": {"course_code": "ITEC 199", "course_title": "Practicum (minimum 486 hours)", "program": 2, "year": 4, "semester": 2, "subject_units_lec": 6, "subject_units_lab": 0, "prerequisite": [47, 50]}}, {"model": "admin_dashboard.subject", "pk": 65, "fields": {"course_code": "GNED 02", "course_title": "Ethics", "program": 1, "year": 1, "semester": 1, "subject_units_lec": 3, "subject_units_lab": 0, "prerequisite": []}}, {"model": "admin_dashboard.subject", "pk": 66, "fields": {"course_code": "GNED 05", "course_title": "Purposive Communication", "program": 1, "year": 1, "semester": 1, "subject_units_lec": 3, "subject_units_lab": 0, "prerequisite": []}}, {"model": "admin_dashboard.subject", "pk": 67, "fields": {"course_code": "GNED 11", "course_title": "Kontekstwalisadong Komunikasyon sa Filipino", "program": 1, "year": 1, "semester": 1, "subject_units_lec": 3, "subject_units_lab": 0, "prerequisite": []}}, {"model": "admin_dashboard.subject", "pk": 68, "fields": {"course_code": "COSC 50", "course_title": "Discrete Structure I", "program": 1, "year": 1, "semester": 1, "subject_units_lec": 3, "subject_units_lab": 0, "prerequisite": []}}, {"model": "admin_dashboard.subject", "pk": 69, "fields": {"course_code": "DCIT 21", "course_title": "Introduction to Computing", "program": 1, "year": 1, "semester": 1, "subject_units_lec": 2, "subject_units_lab": 1, "prerequisite": []}}, {"model": "admin_dashboard.subject", "pk": 70, "fields": {"course_code": "DCIT 22", "course_title": "Computer Programming 1", "program": 1, "year": 1, "semester": 1, "subject_units_lec": 1, "subject_units_lab": 2, "prerequisite": []}}, {"model": "admin_dashboard.subject", "pk": 71, "fields": {"course_code": "FITT 1", "course_title": "Movement Enhancement", "program": 1, "year": 1, "semester": 1, "subject_units_lec": 2, "subject_units_lab": 0, "prerequisite": []}}, {"model": "admin_dashboard.subject", "pk": 72, "fields": {"course_code": "NSTP 1", "course_title": "National Service Training Program 1", "program": 1, "year": 1, "semester": 1, "subject_units_lec": 3, "subject_units_lab": 0, "prerequisite": []}}, {"model": "admin_dashboard.subject", "pk": 73, "fields": {"course_code": "CVSU 101", "course_title": "Institutional Orientation", "program": 1, "year": 1, "semester": 1, "subject_units_lec": 1, "subject_units_lab": 0, "prerequisite": []}}, {"model": "admin_dashboard.subject", "pk": 74, "fields": {"course_code": "GNED 01", "course_title": "Arts Appreciation", "program": 1, "year": 1, "semester": 2, "subject_units_lec": 3, "subject_units_lab": 0, "prerequisite": []}}, {"model": "admin_dashboard.subject", "pk": 75, "fields": {"course_code": "GNED 03", "course_title": "Mathematics in the Modern World", "program": 1, "year": 1, "semester": 2, "subject_units_lec": 3, "subject_units_lab": 0, "prerequisite": []}}, {"model": "admin_dashboard.subject", "pk": 76, "fields": {"course_code": "GNED 06", "course_title": "Science, Technology and Society", "program": 1, "year": 1, "semester": 2, "subject_units_lec": 3, "subject_units_lab": 0, "prerequisite": []}}, {"model": "admin_dashboard.subject", "pk": 77, "fields": {"course_code": "GNED 12", "course_title": "Dalumat Ng/Sa Filipino", "program": 1, "year": 1, "semester": 2, "subject_units_lec": 3, "subject_units_lab": 0, "prerequisite": [67]}}, {"model": "admin_dashboard.subject", "pk": 78, "fields": {"course_code": "DCIT 23", "course_title": "Computer Programming 2", "program": 1, "year": 1, "semester": 2, "subject_units_lec": 1, "subject_units_lab": 2, "prerequisite": [70]}}, {"model": "admin_dashboard.subject", "pk": 79, "fields": {"course_code": "ITEC 50", "course_title": "Web System and Technologies 1", "program": 1, "year": 1, "semester": 2, "subject_units_lec": 2, "subject_units_lab": 1, "prerequisite": [69]}}, {"model": "admin_dashboard.subject", "pk": 80, "fields": {"course_code": "FITT 2", "course_title": "Fitness Exercise", "program": 1, "year": 1, "semester": 2, "subject_units_lec": 2, "subject_units_lab": 0, "prerequisite": [71]}}, {"model": "admin_dashboard.subject", "pk": 81, "fields": {"course_code": "NSTP 2", "course_title": "National Service Training Program 2", "program": 1, "year": 1, "semester": 2, "subject_units_lec": 3, "subject_units_lab": 0, "prerequisite": [72]}}, {"model": "admin_dashboard.subject", "pk": 82, "fields": {"course_code": "GNED 04", "course_title": "Mga Babasahin Hinggil sa Kasaysayan ng Pilipinas", "program": 1, "year": 2, "semester": 1, "subject_units_lec": 3, "subject_units_lab": 0, "prerequisite": []}}, {"model": "admin_dashboard.subject", "pk": 83, "fields": {"course_code": "MATH 1", "course_title": "Analytic Geometry", "program": 1, "year": 2, "semester": 1, "subject_units_lec": 3, "subject_units_lab": 0, "prerequisite": [75]}}, {"model": "admin_dashboard.subject", "pk": 84, "fields": {"course_code": "COSC 55", "course_title": "Discrete Structure II", "program": 1, "year": 2, "semester": 1, "subject_units_lec": 3, "subject_units_lab": 0, "prerequisite": [68]}}, {"model": "admin_dashboard.subject", "pk": 85, "fields": {"course_code": "COSC 60", "course_title": "Digital Logic Design", "program": 1, "year": 2, "semester": 1, "subject_units_lec": 2, "subject_units_lab": 1, "prerequisite": [68, 78]}}, {"model": "admin_dashboard.subject", "pk": 86, "fields": {"course_code": "DCIT 50", "course_title": "Object Oriented Programming", "program": 1, "year": 2, "semester": 1, "subject_units_lec": 2, "subject_units_lab": 1, "prerequisite": [78]}}, {"model": "admin_dashboard.subject", "pk": 87, "fields": {"course_code": "DCIT 24", "course_title": "Information Management", "program": 1, "year": 2, "semester": 1, "subject_units_lec": 2, "subject_units_lab": 1, "prerequisite": [78]}}, {"model": "admin_dashboard.subject", "pk": 88, "fields": {"course_code": "INSY 50", "course_title": "Fundamentals of Information Systems", "program": 1, "year": 2, "semester": 1, "subject_units_lec": 3, "subject_units_lab": 0, "prerequisite": [69]}}, {"model": "admin_dashboard.subject", "pk": 89, "fields": {"course_code": "FITT 3", "course_title": "Physical Activities towards Health and Fitness I", "program": 1, "year": 2, "semester": 1, "subject_units_lec": 2, "subject_units_lab": 0, "prerequisite": [71]}}, {"model": "admin_dashboard.subject", "pk": 90, "fields": {"course_code": "GNED 08", "course_title": "Understanding the Self", "program": 1, "year": 2, "semester": 2, "subject_units_lec": 3, "subject_units_lab": 0, "prerequisite": []}}, {"model": "admin_dashboard.subject", "pk": 91, "fields": {"course_code": "GNED 14", "course_title": "Panitikang Panlipunan", "program": 1, "year": 2, "semester": 2, "subject_units_lec": 3, "subject_units_lab": 0, "prerequisite": []}}, {"model": "admin_dashboard.subject", "pk": 92, "fields": {"course_code": "MATH 2", "course_title": "Calculus", "program": 1, "year": 2, "semester": 2, "subject_units_lec": 3, "subject_units_lab": 0, "prerequisite": [83]}}, {"model": "admin_dashboard.subject", "pk": 93, "fields": {"course_code": "COSC 65", "course_title": "Architecture and Organization", "program": 1, "year": 2, "semester": 2, "subject_units_lec": 2, "subject_units_lab": 1, "prerequisite": [85]}}, {"model": "admin_dashboard.subject", "pk": 94, "fields": {"course_code": "COSC 70", "course_title": "Software Engineering I", "program": 1, "year": 2, "semester": 2, "subject_units_lec": 3, "subject_units_lab": 0, "prerequisite": [86, 87]}}, {"model": "admin_dashboard.subject", "pk": 95, "fields": {"course_code": "DCIT 25", "course_title": "Data Structures and Algorithms", "program": 1, "year": 2, "semester": 2, "subject_units_lec": 2, "subject_units_lab": 1, "prerequisite": [78]}}, {"model": "admin_dashboard.subject", "pk": 96, "fields": {"course_code": "DCIT 55", "course_title": "Advanced Database Management System", "program": 1, "year": 2, "semester": 2, "subject_units_lec": 2, "subject_units_lab": 1, "prerequisite": [87]}}, {"model": "admin_dashboard.subject", "pk": 97, "fields": {"course_code": "FITT 4", "course_title": "Physical Activities towards Health and Fitness  II", "program": 1, "year": 2, "semester": 2, "subject_units_lec": 2, "subject_units_lab": 0, "prerequisite": [71]}}, {"model": "admin_dashboard.subject", "pk": 98, "fields": {"course_code": "MATH 3", "course_title": "Linear Algebra", "program": 1, "year": 3, "semester": 1, "subject_units_lec": 3, "subject_units_lab": 0, "prerequisite": [92]}}, {"model": "admin_dashboard.subject", "pk": 99, "fields": {"course_code": "COSC 75", "course_title": "Software Engineering II", "program": 1, "year": 3, "semester": 1, "subject_units_lec": 2, "subject_units_lab": 1, "prerequisite": [94]}}, {"model": "admin_dashboard.subject", "pk": 100, "fields": {"course_code": "COSC 80", "course_title": "Operating Systems", "program": 1, "year": 3, "semester": 1, "subject_units_lec": 2, "subject_units_lab": 1, "prerequisite": [95]}}, {"model": "admin_dashboard.subject", "pk": 101, "fields": {"course_code": "COSC 85", "course_title": "Networks and Communications", "program": 1, "year": 3, "semester": 1, "subject_units_lec": 2, "subject_units_lab": 1, "prerequisite": [79]}}, {"model": "admin_dashboard.subject", "pk": 102, "fields": {"course_code": "COSC 101", "course_title": "CS Elective 1 (Computer Graphics and Visual Computing)", "program": 1, "year": 3, "semester": 1, "subject_units_lec": 2, "subject_units_lab": 1, "prerequisite": [78]}}, {"model": "admin_dashboard.subject", "pk": 103, "fields": {"course_code": "DCIT 26", "course_title": "Application Development and Emerging Technologies", "program": 1, "year": 3, "semester": 1, "subject_units_lec": 2, "subject_units_lab": 1, "prerequisite": [79]}}, {"model": "admin_dashboard.subject", "pk": 104, "fields": {"course_code": "DCIT 65", "course_title": "Social and Professional Issues", "program": 1, "year": 3, "semester": 1, "subject_units_lec": 3, "subject_units_lab": 0, "prerequisite": []}}, {"model": "admin_dashboard.subject", "pk": 105, "fields": {"course_code": "GNED 09", "course_title": "Life and Works of Rizal", "program": 1, "year": 3, "semester": 2, "subject_units_lec": 3, "subject_units_lab": 0, "prerequisite": [82]}}, {"model": "admin_dashboard.subject", "pk": 106, "fields": {"course_code": "MATH 4", "course_title": "Experimental Statistics", "program": 1, "year": 3, "semester": 2, "subject_units_lec": 2, "subject_units_lab": 1, "prerequisite": [92]}}, {"model": "admin_dashboard.subject", "pk": 107, "fields": {"course_code": "COSC 90", "course_title": "Design and Analysis of Algorithm", "program": 1, "year": 3, "semester": 2, "subject_units_lec": 3, "subject_units_lab": 0, "prerequisite": [95]}}, {"model": "admin_dashboard.subject", "pk": 108, "fields": {"course_code": "COSC 95", "course_title": "Programming Languages", "program": 1, "year": 3, "semester": 2, "subject_units_lec": 3, "subject_units_lab": 0, "prerequisite": [95]}}, {"model": "admin_dashboard.subject", "pk": 109, "fields": {"course_code": "COSC 106", "course_title": "CS Elective 2 (Introduction to Game Development)", "program": 1, "year": 3, "semester": 2, "subject_units_lec": 2, "subject_units_lab": 1, "prerequisite": [98, 102]}}, {"model": "admin_dashboard.subject", "pk": 110, "fields": {"course_code": "DCIT 60", "course_title": "Methods of Research", "program": 1, "year": 3, "semester": 2, "subject_units_lec": 2, "subject_units_lab": 1, "prerequisite": []}}, {"model": "admin_dashboard.subject", "pk": 111, "fields": {"course_code": "ITEC 85", "course_title": "Information Assurance and Security", "program": 1, "year": 3, "semester": 2, "subject_units_lec": 3, "subject_units_lab": 0, "prerequisite": [87]}}, {"model": "admin_dashboard.subject", "pk": 112, "fields": {"course_code": "COSC 199", "course_title": "Practicum (minimum 240 hours)", "program": 1, "year": 3, "semester": 3, "subject_units_lec": 3, "subject_units_lab": 0, "prerequisite": []}}, {"model": "admin_dashboard.subject", "pk": 113, "fields": {"course_code": "ITEC 80", "course_title": "Human Computer Interaction", "program": 1, "year": 4, "semester": 1, "subject_units_lec": 1, "subject_units_lab": 0, "prerequisite": [111]}}, {"model": "admin_dashboard.subject", "pk": 114, "fields": {"course_code": "COSC 100", "course_title": "Automata Theory and Formal Languages", "program": 1, "year": 4, "semester": 1, "subject_units_lec": 3, "subject_units_lab": 0, "prerequisite": [107]}}, {"model": "admin_dashboard.subject", "pk": 115, "fields": {"course_code": "COSC 105", "course_title": "Intelligent Systems", "program": 1, "year": 4, "semester": 1, "subject_units_lec": 2, "subject_units_lab": 1, "prerequisite": [84, 86, 106]}}, {"model": "admin_dashboard.subject", "pk": 116, "fields": {"course_code": "COSC 111", "course_title": "CS Elective 3 (Internet Of Things)", "program": 1, "year": 4, "semester": 1, "subject_units_lec": 2, "subject_units_lab": 1, "prerequisite": [85]}}, {"model": "admin_dashboard.subject", "pk": 117, "fields": {"course_code": "COSC 200A", "course_title": "Undergraduate Thesis 1", "program": 1, "year": 4, "semester": 1, "subject_units_lec": 3, "subject_units_lab": 0, "prerequisite": []}}, {"model": "admin_dashboard.subject", "pk": 118, "fields": {"course_code": "GNED 07", "course_title": "The Contemporary World", "program": 1, "year": 4, "semester": 2, "subject_units_lec": 3, "subject_units_lab": 0, "prerequisite": []}}, {"model": "admin_dashboard.subject", "pk": 119, "fields": {"course_code": "GNED 10", "course_title": "Gender and Society", "program": 1, "year": 4, "semester": 2, "subject_units_lec": 3, "subject_units_lab": 0, "prerequisite": []}}, {"model": "admin_dashboard.subject", "pk": 120, "fields": {"course_code": "COSC 110", "course_title": "Numerical and Symbolic Computation", "program": 1, "year": 4, "semester": 2, "subject_units_lec": 2, "subject_units_lab": 1, "prerequisite": [85]}}, {"model": "admin_dashboard.subject", "pk": 121, "fields": {"course_code": "COSC 200B", "course_title": "Undergraduate Thesis 2", "program": 1, "year": 4, "semester": 2, "subject_units_lec": 3, "subject_units_lab": 0, "prerequisite": []}}, {"model": "admin_dashboard.instructor", "pk": 1, "fields": {"name": "Faculty A", "gender": "F", "email": "facultya@gmail.com", "contact": "", "address": ""}}, {"model": "admin_dashboard.instructor", "pk": 2, "fields": {"name": "Faculty B", "gender": "M", "email": "facultyb@gmail.com", "contact": "", "address": ""}}, {"model": "admin_dashboard.checklist", "pk": 1, "fields": {"student": 2, "program": 2}}, {"model": "admin_dashboard.checklist", "pk": 2, "fields": {"student": 3, "program": 1}}, {"model": "admin_dashboard.checklistitem", "pk": 1, "fields": {"checklist": 1, "subject": 15, "grade": null, "status": "Pending", "instructor": null, "semester": 1, "year": 1}}, {"model": "admin_dashboard.checklistitem", "pk": 2, "fields": {"checklist": 1, "subject": 16, "grade": null, "status": "Pending", "instructor": null, "semester": 1, "year": 1}}, {"model": "admin_dashboard.checklistitem", "pk": 3, "fields": {"checklist": 1, "subject": 17, "grade": null, "status": "Pending", "instructor": null, "semester": 1, "year": 1}}, {"model": "admin_dashboard.checklistitem", "pk": 4, "fields": {"checklist": 1, "subject": 18, "grade": null, "status": "Pending", "instructor": null, "semester": 1, "year": 1}}, {"model": "admin_dashboard.checklistitem", "pk": 5, "fields": {"checklist": 1, "subject": 12, "grade": null, "status": "Pending", "instructor": null, "semester": 1, "year": 1}}, {"model": "admin_dashboard.checklistitem", "pk": 6, "fields": {"checklist": 1, "subject": 13, "grade": null, "status": "Pending", "instructor": null, "semester": 1, "year": 1}}, {"model": "admin_dashboard.checklistitem", "pk": 7, "fields": {"checklist": 1, "subject": 14, "grade": null, "status": "Pending", "instructor": null, "semester": 1, "year": 1}}, {"model": "admin_dashboard.checklistitem", "pk": 8, "fields": {"checklist": 1, "subject": 19, "grade": null, "status": "Pending", "instructor": null, "semester": 1, "year": 1}}, {"model": "admin_dashboard.checklistitem", "pk": 9, "fields": {"checklist": 1, "subject": 20, "grade": null, "status": "Pending", "instructor": null, "semester": 1, "year": 1}}, {"model": "admin_dashboard.checklistitem", "pk": 10, "fields": {"checklist": 2, "subject": 68, "grade": null, "status": "Pending", "instructor": null, "semester": 1, "year": 1}}, {"model": "admin_dashboard.checklistitem", "pk": 11, "fields": {"checklist": 2, "subject": 73, "grade": null, "status": "Pending", "instructor": null, "semester": 1, "year": 1}}, {"model": "admin_dashboard.checklistitem", "pk": 12, "fields": {"checklist": 2, "subject": 69, "grade": null, "status": "Pending", "instructor": null, "semester": 1, "year": 1}}, {"model": "admin_dashboard.checklistitem", "pk": 13, "fields": {"checklist": 2, "subject": 70, "grade": null, "status": "Pending", "instructor": null, "semester": 1, "year": 1}}, {"model": "admin_dashboard.checklistitem", "pk": 14, "fields": {"checklist": 2, "subject": 71, "grade": null, "status": "Pending", "instructor": null, "semester": 1, "year": 1}}, {"model": "admin_dashboard.checklistitem", "pk": 15, "fields": {"checklist": 2, "subject": 65, "grade": null, "status": "Pending", "instructor": null, "semester": 1, "year": 1}}, {"model": "admin_dashboard.checklistitem", "pk": 16, "fields": {"checklist": 2, "subject": 66, "grade": null, "status": "Pending", "instructor": null, "semester": 1, "year": 1}}, {"model": "admin_dashboard.checklistitem", "pk": 17, "fields": {"checklist": 2, "subject": 67, "grade": null, "status": "Pending", "instructor": null, "semester": 1, "year": 1}}, {"model": "admin_dashboard.checklistitem", "pk": 18, "fields": {"checklist": 2, "subject": 72, "grade": null, "status": "Pending", "instructor": null, "semester": 1, "year": 1}}, {"model": "admin_dashboard.school_fees", "pk": 1, "fields": {"school_fee_name": "reg_fee", "school_fee_value": "55.00"}}, {"model": "admin_dashboard.school_fees", "pk": 2, "fields": {"school_fee_name": "insurance", "school_fee_value": "25.00"}}, {"model": "admin_dashboard.school_fees", "pk": 3, "fields": {"school_fee_name": "id", "school_fee_value": "100.00"}}, {"model": "admin_dashboard.school_fees", "pk": 4, "fields": {"school_fee_name": "sfdf", "school_fee_value": "1500.00"}}, {"model": "admin_dashboard.school_fees", "pk": 5, "fields": {"school_fee_name": "srf", "school_fee_value": "2025.00"}}, {"model": "admin_dashboard.school_fees", "pk": 6, "fields": {"school_fee_name": "misc", "school_fee_value": "435.00"}}, {"model": "admin_dashboard.school_fees", "pk": 7, "fields": {"school_fee_name": "athletics", "school_fee_value": "100.00"}}, {"model": "admin_dashboard.school_fees", "pk": 8, "fields": {"school_fee_name": "scuaa", "school_fee_value": "100.00"}}, {"model": "admin_dashboard.school_fees", "pk": 9, "fields": {"school_fee_name": "library_fee", "school_fee_value": "50.00"}}, {"model": "admin_dashboard.school_fees", "pk": 10, "fields": {"school_fee_name": "lab_fees", "school_fee_value": "800.00"}}, {"model": "admin_dashboard.school_fees", "pk": 11, "fields": {"school_fee_name": "other_fees", "school_fee_value": "80.00"}}, {"model": "admin_dashboard.school_fees", "pk": 12, "fields": {"school_fee_name": "late_reg", "school_fee_value": "80.00"}}, {"model": "admin_dashboard.school_fees", "pk": 13, "fields": {"school_fee_name": "tuition_fee", "school_fee_value": "175.00"}}, {"model": "admin_dashboard.school_fees", "pk": 14, "fields": {"school_fee_name": "nstp_fee", "school_fee_value": "300.00"}}, {"model": "admin.logentry", "pk": 1, "fields": {"action_time": "2025-01-20T02:19:58.896Z", "user": 1, "content_type": 10, "object_id": "1", "object_repr": "BSCS - Bachelor of Science in Computer Science", "action_flag": 1, "change_message": "[{\"added\": {}}]"}}, {"model": "admin.logentry", "pk": 2, "fields": {"action_time": "2025-01-20T02:20:05.470Z", "user": 1, "content_type": 10, "object_id": "2", "object_repr": "BSIT - ", "action_flag": 1, "change_message": "[{\"added\": {}}]"}}, {"model": "admin.logentry", "pk": 3, "fields": {"action_time": "2025-01-20T02:20:16.831Z", "user": 1, "content_type": 10, "object_id": "2", "object_repr": "BSIT - Bachelor of Science in Information Technology", "action_flag": 2, "change_message": "[{\"changed\": {\"fields\": [\"Full\"]}}]"}}, {"model": "admin.logentry", "pk": 4, "fields": {"action_time": "2025-01-20T07:25:50.564Z", "user": 1, "content_type": 7, "object_id": "1", "object_repr": "school_fees object (1)", "action_flag": 1, "change_message": "[{\"added\": {}}]"}}, {"model": "admin.logentry", "pk": 5, "fields": {"action_time": "2025-01-20T07:26:00.384Z", "user": 1, "content_type": 7, "object_id": "2", "object_repr": "school_fees object (2)", "action_flag": 1, "change_message": "[{\"added\": {}}]"}}, {"model": "admin.logentry", "pk": 6, "fields": {"action_time": "2025-01-20T07:26:07.143Z", "user": 1, "content_type": 7, "object_id": "3", "object_repr": "school_fees object (3)", "action_flag": 1, "change_message": "[{\"added\": {}}]"}}, {"model": "admin.logentry", "pk": 7, "fields": {"action_time": "2025-01-20T07:26:20.390Z", "user": 1, "content_type": 7, "object_id": "4", "object_repr": "school_fees object (4)", "action_flag": 1, "change_message": "[{\"added\": {}}]"}}, {"model": "admin.logentry", "pk": 8, "fields": {"action_time": "2025-01-20T07:26:30.870Z", "user": 1, "content_type": 7, "object_id": "5", "object_repr": "school_fees object (5)", "action_flag": 1, "change_message": "[{\"added\": {}}]"}}, {"model": "admin.logentry", "pk": 9, "fields": {"action_time": "2025-01-20T07:26:37.641Z", "user": 1, "content_type": 7, "object_id": "6", "object_repr": "school_fees object (6)", "action_flag": 1, "change_message": "[{\"added\": {}}]"}}, {"model": "admin.logentry", "pk": 10, "fields": {"action_time": "2025-01-20T07:26:51.286Z", "user": 1, "content_type": 7, "object_id": "7", "object_repr": "school_fees object (7)", "action_flag": 1, "change_message": "[{\"added\": {}}]"}}, {"model": "admin.logentry", "pk": 11, "fields": {"action_time": "2025-01-20T07:26:58.483Z", "user": 1, "content_type": 7, "object_id": "8", "object_repr": "school_fees object (8)", "action_flag": 1, "change_message": "[{\"added\": {}}]"}}, {"model": "admin.logentry", "pk": 12, "fields": {"action_time": "2025-01-20T07:27:05.999Z", "user": 1, "content_type": 7, "object_id": "9", "object_repr": "school_fees object (9)", "action_flag": 1, "change_message": "[{\"added\": {}}]"}}, {"model": "admin.logentry", "pk": 13, "fields": {"action_time": "2025-01-20T07:27:18.479Z", "user": 1, "content_type": 7, "object_id": "10", "object_repr": "school_fees object (10)", "action_flag": 1, "change_message": "[{\"added\": {}}]"}}, {"model": "admin.logentry", "pk": 14, "fields": {"action_time": "2025-01-20T07:27:31.359Z", "user": 1, "content_type": 7, "object_id": "11", "object_repr": "school_fees object (11)", "action_flag": 1, "change_message": "[{\"added\": {}}]"}}, {"model": "admin.logentry", "pk": 15, "fields": {"action_time": "2025-01-20T07:27:40.495Z", "user": 1, "content_type": 7, "object_id": "12", "object_repr": "school_fees object (12)", "action_flag": 1, "change_message": "[{\"added\": {}}]"}}, {"model": "admin.logentry", "pk": 16, "fields": {"action_time": "2025-01-20T07:28:03.603Z", "user": 1, "content_type": 7, "object_id": "13", "object_repr": "school_fees object (13)", "action_flag": 1, "change_message": "[{\"added\": {}}]"}}, {"model": "admin.logentry", "pk": 17, "fields": {"action_time": "2025-01-20T07:28:10.140Z", "user": 1, "content_type": 7, "object_id": "14", "object_repr": "school_fees object (14)", "action_flag": 1, "change_message": "[{\"added\": {}}]"}}, {"model": "auth.permission", "pk": 1, "fields": {"name": "Can add log entry", "content_type": 1, "codename": "add_logentry"}}, {"model": "auth.permission", "pk": 2, "fields": {"name": "Can change log entry", "content_type": 1, "codename": "change_logentry"}}, {"model": "auth.permission", "pk": 3, "fields": {"name": "Can delete log entry", "content_type": 1, "codename": "delete_logentry"}}, {"model": "auth.permission", "pk": 4, "fields": {"name": "Can view log entry", "content_type": 1, "codename": "view_logentry"}}, {"model": "auth.permission", "pk": 5, "fields": {"name": "Can add permission", "content_type": 2, "codename": "add_permission"}}, {"model": "auth.permission", "pk": 6, "fields": {"name": "Can change permission", "content_type": 2, "codename": "change_permission"}}, {"model": "auth.permission", "pk": 7, "fields": {"name": "Can delete permission", "content_type": 2, "codename": "delete_permission"}}, {"model": "auth.permission", "pk": 8, "fields": {"name": "Can view permission", "content_type": 2, "codename": "view_permission"}}, {"model": "auth.permission", "pk": 9, "fields": {"name": "Can add group", "content_type": 3, "codename": "add_group"}}, {"model": "auth.permission", "pk": 10, "fields": {"name": "Can change group", "content_type": 3, "codename": "change_group"}}, {"model": "auth.permission", "pk": 11, "fields": {"name": "Can delete group", "content_type": 3, "codename": "delete_group"}}, {"model": "auth.permission", "pk": 12, "fields": {"name": "Can view group", "content_type": 3, "codename": "view_group"}}, {"model": "auth.permission", "pk": 13, "fields": {"name": "Can add user", "content_type": 4, "codename": "add_user"}}, {"model": "auth.permission", "pk": 14, "fields": {"name": "Can change user", "content_type": 4, "codename": "change_user"}}, {"model": "auth.permission", "pk": 15, "fields": {"name": "Can delete user", "content_type": 4, "codename": "delete_user"}}, {"model": "auth.permission", "pk": 16, "fields": {"name": "Can view user", "content_type": 4, "codename": "view_user"}}, {"model": "auth.permission", "pk": 17, "fields": {"name": "Can add content type", "content_type": 5, "codename": "add_contenttype"}}, {"model": "auth.permission", "pk": 18, "fields": {"name": "Can change content type", "content_type": 5, "codename": "change_contenttype"}}, {"model": "auth.permission", "pk": 19, "fields": {"name": "Can delete content type", "content_type": 5, "codename": "delete_contenttype"}}, {"model": "auth.permission", "pk": 20, "fields": {"name": "Can view content type", "content_type": 5, "codename": "view_contenttype"}}, {"model": "auth.permission", "pk": 21, "fields": {"name": "Can add session", "content_type": 6, "codename": "add_session"}}, {"model": "auth.permission", "pk": 22, "fields": {"name": "Can change session", "content_type": 6, "codename": "change_session"}}, {"model": "auth.permission", "pk": 23, "fields": {"name": "Can delete session", "content_type": 6, "codename": "delete_session"}}, {"model": "auth.permission", "pk": 24, "fields": {"name": "Can view session", "content_type": 6, "codename": "view_session"}}, {"model": "auth.permission", "pk": 25, "fields": {"name": "Can add school_fees", "content_type": 7, "codename": "add_school_fees"}}, {"model": "auth.permission", "pk": 26, "fields": {"name": "Can change school_fees", "content_type": 7, "codename": "change_school_fees"}}, {"model": "auth.permission", "pk": 27, "fields": {"name": "Can delete school_fees", "content_type": 7, "codename": "delete_school_fees"}}, {"model": "auth.permission", "pk": 28, "fields": {"name": "Can view school_fees", "content_type": 7, "codename": "view_school_fees"}}, {"model": "auth.permission", "pk": 29, "fields": {"name": "Can add subject", "content_type": 8, "codename": "add_subject"}}, {"model": "auth.permission", "pk": 30, "fields": {"name": "Can change subject", "content_type": 8, "codename": "change_subject"}}, {"model": "auth.permission", "pk": 31, "fields": {"name": "Can delete subject", "content_type": 8, "codename": "delete_subject"}}, {"model": "auth.permission", "pk": 32, "fields": {"name": "Can view subject", "content_type": 8, "codename": "view_subject"}}, {"model": "auth.permission", "pk": 33, "fields": {"name": "Can add checklist item", "content_type": 9, "codename": "add_checklistitem"}}, {"model": "auth.permission", "pk": 34, "fields": {"name": "Can change checklist item", "content_type": 9, "codename": "change_checklistitem"}}, {"model": "auth.permission", "pk": 35, "fields": {"name": "Can delete checklist item", "content_type": 9, "codename": "delete_checklistitem"}}, {"model": "auth.permission", "pk": 36, "fields": {"name": "Can view checklist item", "content_type": 9, "codename": "view_checklistitem"}}, {"model": "auth.permission", "pk": 37, "fields": {"name": "Can add program", "content_type": 10, "codename": "add_program"}}, {"model": "auth.permission", "pk": 38, "fields": {"name": "Can change program", "content_type": 10, "codename": "change_program"}}, {"model": "auth.permission", "pk": 39, "fields": {"name": "Can delete program", "content_type": 10, "codename": "delete_program"}}, {"model": "auth.permission", "pk": 40, "fields": {"name": "Can view program", "content_type": 10, "codename": "view_program"}}, {"model": "auth.permission", "pk": 41, "fields": {"name": "Can add checklist", "content_type": 11, "codename": "add_checklist"}}, {"model": "auth.permission", "pk": 42, "fields": {"name": "Can change checklist", "content_type": 11, "codename": "change_checklist"}}, {"model": "auth.permission", "pk": 43, "fields": {"name": "Can delete checklist", "content_type": 11, "codename": "delete_checklist"}}, {"model": "auth.permission", "pk": 44, "fields": {"name": "Can view checklist", "content_type": 11, "codename": "view_checklist"}}, {"model": "auth.permission", "pk": 45, "fields": {"name": "Can add instructor", "content_type": 12, "codename": "add_instructor"}}, {"model": "auth.permission", "pk": 46, "fields": {"name": "Can change instructor", "content_type": 12, "codename": "change_instructor"}}, {"model": "auth.permission", "pk": 47, "fields": {"name": "Can delete instructor", "content_type": 12, "codename": "delete_instructor"}}, {"model": "auth.permission", "pk": 48, "fields": {"name": "Can view instructor", "content_type": 12, "codename": "view_instructor"}}, {"model": "auth.permission", "pk": 49, "fields": {"name": "Can add student", "content_type": 13, "codename": "add_student"}}, {"model": "auth.permission", "pk": 50, "fields": {"name": "Can change student", "content_type": 13, "codename": "change_student"}}, {"model": "auth.permission", "pk": 51, "fields": {"name": "Can delete student", "content_type": 13, "codename": "delete_student"}}, {"model": "auth.permission", "pk": 52, "fields": {"name": "Can view student", "content_type": 13, "codename": "view_student"}}, {"model": "auth.user", "pk": 1, "fields": {"password": "pbkdf2_sha256$870000$6mIHx3RTUJVSShaIDo5hEx$+AaLKlqKOQfuJ+PmUgQwUCglYH+ockfo9WbHK/6TVI0=", "last_login": "2025-01-20T07:09:10.395Z", "is_superuser": true, "username": "admin", "first_name": "", "last_name": "", "email": "enrollmentdcsnoreply@gmail.com", "is_staff": true, "is_active": true, "date_joined": "2025-01-20T02:18:33.969Z", "groups": [], "user_permissions": []}}, {"model": "auth.user", "pk": 2, "fields": {"password": "pbkdf2_sha256$870000$pmyc1Ah7LlzVjIX1dcHaW3$KIBDyva+jmBlCC1bZkrCovNG8fq4HZbuEAc1wIJtAQs=", "last_login": null, "is_superuser": false, "username": "canonoymarianneshaine", "first_name": "Marianne Shaine", "last_name": "Canonoy", "email": "bebotcans@gmail.com", "is_staff": false, "is_active": true, "date_joined": "2025-01-20T02:41:15.289Z", "groups": [], "user_permissions": []}}, {"model": "auth.user", "pk": 3, "fields": {"password": "pbkdf2_sha256$870000$0cAboe8yCmSroqOTfwrHUS$ELAIPQrJgUHfPIP9T/n9oX4L7Ami/Xfw9Qc8rQEZlEA=", "last_login": null, "is_superuser": false, "username": "zaballeroluishagail", "first_name": "Luisha Gail", "last_name": "Zaballero", "email": "bc.luishagail.zaballero@cvsu.edu.ph", "is_staff": false, "is_active": true, "date_joined": "2025-01-20T07:37:05.130Z", "groups": [], "user_permissions": []}}, {"model": "contenttypes.contenttype", "pk": 1, "fields": {"app_label": "admin", "model": "logentry"}}, {"model": "contenttypes.contenttype", "pk": 2, "fields": {"app_label": "auth", "model": "permission"}}, {"model": "contenttypes.contenttype", "pk": 3, "fields": {"app_label": "auth", "model": "group"}}, {"model": "contenttypes.contenttype", "pk": 4, "fields": {"app_label": "auth", "model": "user"}}, {"model": "contenttypes.contenttype", "pk": 5, "fields": {"app_label": "contenttypes", "model": "contenttype"}}, {"model": "contenttypes.contenttype", "pk": 6, "fields": {"app_label": "sessions", "model": "session"}}, {"model": "contenttypes.contenttype", "pk": 7, "fields": {"app_label": "admin_dashboard", "model": "school_fees"}}, {"model": "contenttypes.contenttype", "pk": 8, "fields": {"app_label": "admin_dashboard", "model": "subject"}}, {"model": "contenttypes.contenttype", "pk": 9, "fields": {"app_label": "admin_dashboard", "model": "checklistitem"}}, {"model": "contenttypes.contenttype", "pk": 10, "fields": {"app_label": "admin_dashboard", "model": "program"}}, {"model": "contenttypes.contenttype", "pk": 11, "fields": {"app_label": "admin_dashboard", "model": "checklist"}}, {"model": "contenttypes.contenttype", "pk": 12, "fields": {"app_label": "admin_dashboard", "model": "instructor"}}, {"model": "contenttypes.contenttype", "pk": 13, "fields": {"app_label": "admin_dashboard", "model": "student"}}, {"model": "sessions.session", "pk": "d77ur2hk0t922wv00yln7vrkdtwc0o2g", "fields": {"session_data": ".eJxVjMEOwiAQRP-FsyG7BQp49N5vIAtLpWpoUtqT8d9tkx70OPPezFsE2tYStpaXMLG4ChSX3y5SeuZ6AH5Qvc8yzXVdpigPRZ60yWHm_Lqd7t9BoVb2tel9BrDgFTtnCVGhHr33JlLWVivXpaTZgsI9c5fiiK43JgIwKSYnPl-1yDc9:1tZhd3:qwkGISHCteBFU1LtX730tfaSpvtw6e5XhfNst-2Ag0U", "expire_date": "2025-02-03T02:35:05.253Z"}}, {"model": "sessions.session", "pk": "p12ijg05wwfqfwgc4wchjbxl8yk5u3qx", "fields": {"session_data": ".eJxVjMEOwiAQRP-FsyG7BQp49N5vIAtLpWpoUtqT8d9tkx70OPPezFsE2tYStpaXMLG4ChSX3y5SeuZ6AH5Qvc8yzXVdpigPRZ60yWHm_Lqd7t9BoVb2tel9BrDgFTtnCVGhHr33JlLWVivXpaTZgsI9c5fiiK43JgIwKSYnPl-1yDc9:1tZluI:1a49uKhlDRF7dc4r8leb2qrfJuMPYM9rQfq3TVEDEm8", "expire_date": "2025-02-03T07:09:10.409Z"}}]