[{"model": "admin_dashboard.program", "pk": 1, "fields": {"name": "BSCS", "full": "Bachelor of Science in Computer Science"}}, {"model": "admin_dashboard.program", "pk": 2, "fields": {"name": "BSIT", "full": "Bachelor of Science in Information Technology"}}, {"model": "admin_dashboard.student", "pk": 1, "fields": {"user": null, "studentnumber": "202400000", "firstname": "Luisha Gail", "middlename": "Canonoy", "lastname": "Zaballero", "suffix": "", "dateofbirth": "2002-03-22", "gender": "Female", "email": "luishagailcanonoy@gmail.com", "contact": "09156561632", "address": "Blk 16 lot 44 lecaros st. woodsite 2 pasong buaya 2 imus cavite", "year": "3rd Year", "course": "BSCS", "sectionyear": 3, "section": 3, "status": "regular", "new_or_old": null}}, {"model": "admin_dashboard.student", "pk": 2, "fields": {"user": null, "studentnumber": "202400001", "firstname": "Ali", "middlename": "Canonoy", "lastname": "Zaballero", "suffix": "", "dateofbirth": "2024-12-25", "gender": "Male", "email": "ali@gmai.com", "contact": "09132555123", "address": "Blk 16 lot 44 lecaros st. woodsite 2 pasong buaya 2 imus cavite", "year": "1st Year", "course": "BSCS", "sectionyear": 1, "section": 3, "status": "irregular", "new_or_old": null}}, {"model": "admin_dashboard.student", "pk": 3, "fields": {"user": 2, "studentnumber": "202400002", "firstname": "Ted", "middlename": "E", "lastname": "Baer", "suffix": "", "dateofbirth": "2024-12-20", "gender": "Female", "email": "luishagailcanonoy@gmail.com", "contact": "09156561632", "address": "Blk 16 lot 44 lecaros st. woodsite 2 pasong buaya 2 imus cavite", "year": "3rd Year", "course": "BSCS", "sectionyear": 3, "section": 3, "status": "regular", "new_or_old": null}}, {"model": "admin_dashboard.student", "pk": 4, "fields": {"user": 4, "studentnumber": "202500003", "firstname": "Alii", "middlename": "Sainunb", "lastname": "Kuma", "suffix": "", "dateofbirth": "2006-09-05", "gender": "Female", "email": "bebotcans@gmail.com", "contact": "09132555123", "address": "Blk 16 lot 44 lecaros st. woodsite 2 pasong buaya 2 imus cavite", "year": "1st Year", "course": "BSCS", "sectionyear": 1, "section": 1, "status": "regular", "new_or_old": "new"}}, {"model": "admin_dashboard.student", "pk": 5, "fields": {"user": 5, "studentnumber": "202500004", "firstname": "Zam", "middlename": "Lesley", "lastname": "test", "suffix": "", "dateofbirth": "2025-01-06", "gender": "Male", "email": "bebotcans@gmail.com", "contact": "09132555123", "address": "asd", "year": "2nd Year", "course": "BSCS", "sectionyear": 1, "section": 2, "status": "regular", "new_or_old": "new"}}, {"model": "admin_dashboard.student", "pk": 6, "fields": {"user": 7, "studentnumber": "202500005", "firstname": "Crisha Nicole", "middlename": "Miranda", "lastname": "Reyes", "suffix": "", "dateofbirth": "2004-03-15", "gender": "Female", "email": "bc.crishanicole.reyes@cvsu.edu.ph", "contact": "09132555123", "address": "asd", "year": "3rd Year", "course": "BSCS", "sectionyear": 3, "section": 3, "status": "regular", "new_or_old": "old"}}, {"model": "admin_dashboard.student", "pk": 7, "fields": {"user": 8, "studentnumber": "202500006", "firstname": "Luisha", "middlename": "Canonoy", "lastname": "Zaballero", "suffix": "", "dateofbirth": "2002-03-22", "gender": "Female", "email": "bebotcans@gmail.com", "contact": "09156561632", "address": "None", "year": "3rd Year", "course": "BSCS", "sectionyear": 3, "section": 3, "status": "regular", "new_or_old": "new"}}, {"model": "admin_dashboard.student", "pk": 8, "fields": {"user": 9, "studentnumber": "202500007", "firstname": "Tom", "middlename": "Tom", "lastname": "Sauyer", "suffix": "", "dateofbirth": "2006-09-05", "gender": "Male", "email": "bebotcans@gmail.com", "contact": "09156561632", "address": "Blk 16 lot 44 lecaros st. woodsite 2 pasong buaya 2 imus cavite", "year": "1st Year", "course": "BSCS", "sectionyear": 3, "section": 3, "status": "regular", "new_or_old": "new"}}, {"model": "admin_dashboard.subject", "pk": 12, "fields": {"course_code": "GNED 02", "course_title": "Ethics", "program": 2, "year": 1, "semester": 1, "subject_units_lec": 3, "subject_units_lab": 0, "prerequisite": []}}, {"model": "admin_dashboard.subject", "pk": 13, "fields": {"course_code": "GNED 05", "course_title": "Purposive Communication", "program": 2, "year": 1, "semester": 1, "subject_units_lec": 3, "subject_units_lab": 0, "prerequisite": []}}, {"model": "admin_dashboard.subject", "pk": 14, "fields": {"course_code": "GNED 11", "course_title": "Kontekstwalisadong Komunikasyon sa Filipino", "program": 2, "year": 1, "semester": 1, "subject_units_lec": 3, "subject_units_lab": 0, "prerequisite": []}}, {"model": "admin_dashboard.subject", "pk": 15, "fields": {"course_code": "COSC 50", "course_title": "Discrete Structure", "program": 2, "year": 1, "semester": 1, "subject_units_lec": 3, "subject_units_lab": 0, "prerequisite": []}}, {"model": "admin_dashboard.subject", "pk": 16, "fields": {"course_code": "DCIT 21", "course_title": "Introduction to Computing", "program": 2, "year": 1, "semester": 1, "subject_units_lec": 2, "subject_units_lab": 1, "prerequisite": []}}, {"model": "admin_dashboard.subject", "pk": 17, "fields": {"course_code": "DCIT 22", "course_title": "Computer Programming 1", "program": 2, "year": 1, "semester": 1, "subject_units_lec": 1, "subject_units_lab": 2, "prerequisite": []}}, {"model": "admin_dashboard.subject", "pk": 18, "fields": {"course_code": "FITT 1", "course_title": "Movement Enhancement", "program": 2, "year": 1, "semester": 1, "subject_units_lec": 2, "subject_units_lab": 0, "prerequisite": []}}, {"model": "admin_dashboard.subject", "pk": 19, "fields": {"course_code": "NSTP 1", "course_title": "National Service Training Program 1", "program": 2, "year": 1, "semester": 1, "subject_units_lec": 3, "subject_units_lab": 0, "prerequisite": []}}, {"model": "admin_dashboard.subject", "pk": 20, "fields": {"course_code": "ORNT 1", "course_title": "Institutional Orientation", "program": 2, "year": 1, "semester": 1, "subject_units_lec": 1, "subject_units_lab": 0, "prerequisite": []}}, {"model": "admin_dashboard.subject", "pk": 21, "fields": {"course_code": "GNED 01", "course_title": "Arts Appreciation", "program": 2, "year": 1, "semester": 2, "subject_units_lec": 3, "subject_units_lab": 0, "prerequisite": []}}, {"model": "admin_dashboard.subject", "pk": 22, "fields": {"course_code": "GNED 06", "course_title": "Science, Technology and Society", "program": 2, "year": 1, "semester": 2, "subject_units_lec": 3, "subject_units_lab": 0, "prerequisite": []}}, {"model": "admin_dashboard.subject", "pk": 23, "fields": {"course_code": "GNED 12", "course_title": "Dalumat Ng/Sa Filipino", "program": 2, "year": 1, "semester": 2, "subject_units_lec": 3, "subject_units_lab": 0, "prerequisite": []}}, {"model": "admin_dashboard.subject", "pk": 24, "fields": {"course_code": "GNED 03", "course_title": "Mathematics in the Modern World", "program": 2, "year": 1, "semester": 2, "subject_units_lec": 3, "subject_units_lab": 0, "prerequisite": []}}, {"model": "admin_dashboard.subject", "pk": 25, "fields": {"course_code": "DCIT 23", "course_title": "Computer Programming 2", "program": 2, "year": 1, "semester": 2, "subject_units_lec": 1, "subject_units_lab": 2, "prerequisite": [17]}}, {"model": "admin_dashboard.subject", "pk": 26, "fields": {"course_code": "ITEC 50", "course_title": "Web System and Technologies 1", "program": 2, "year": 1, "semester": 2, "subject_units_lec": 2, "subject_units_lab": 1, "prerequisite": [16]}}, {"model": "admin_dashboard.subject", "pk": 27, "fields": {"course_code": "FITT 2", "course_title": "Fitness Exercise", "program": 2, "year": 1, "semester": 2, "subject_units_lec": 2, "subject_units_lab": 0, "prerequisite": [18]}}, {"model": "admin_dashboard.subject", "pk": 28, "fields": {"course_code": "NSTP 2", "course_title": "National Service Training Program 2", "program": 2, "year": 1, "semester": 2, "subject_units_lec": 3, "subject_units_lab": 0, "prerequisite": [19]}}, {"model": "admin_dashboard.subject", "pk": 29, "fields": {"course_code": "GNED 04", "course_title": "Mga Babasahin Hinggil sa Kasaysayan ng Pilipinas", "program": 2, "year": 2, "semester": 1, "subject_units_lec": 3, "subject_units_lab": 0, "prerequisite": []}}, {"model": "admin_dashboard.subject", "pk": 30, "fields": {"course_code": "GNED 07", "course_title": "The Contemporary World", "program": 2, "year": 2, "semester": 1, "subject_units_lec": 3, "subject_units_lab": 0, "prerequisite": []}}, {"model": "admin_dashboard.subject", "pk": 31, "fields": {"course_code": "GNED 10", "course_title": "Gender and Society", "program": 2, "year": 2, "semester": 1, "subject_units_lec": 3, "subject_units_lab": 0, "prerequisite": []}}, {"model": "admin_dashboard.subject", "pk": 32, "fields": {"course_code": "GNED 14", "course_title": "Panitikang Panlipunan", "program": 2, "year": 2, "semester": 1, "subject_units_lec": 3, "subject_units_lab": 0, "prerequisite": []}}, {"model": "admin_dashboard.subject", "pk": 33, "fields": {"course_code": "ITEC 55", "course_title": "Platform Technologies", "program": 2, "year": 2, "semester": 1, "subject_units_lec": 2, "subject_units_lab": 1, "prerequisite": [25]}}, {"model": "admin_dashboard.subject", "pk": 34, "fields": {"course_code": "DCIT 24", "course_title": "Information Management", "program": 2, "year": 2, "semester": 1, "subject_units_lec": 2, "subject_units_lab": 1, "prerequisite": [25]}}, {"model": "admin_dashboard.subject", "pk": 35, "fields": {"course_code": "DCIT 50", "course_title": "Object Oriented Programming", "program": 2, "year": 2, "semester": 1, "subject_units_lec": 2, "subject_units_lab": 1, "prerequisite": [25]}}, {"model": "admin_dashboard.subject", "pk": 36, "fields": {"course_code": "FITT 3", "course_title": "Physical Activities towards Health and Fitness I", "program": 2, "year": 2, "semester": 1, "subject_units_lec": 2, "subject_units_lab": 0, "prerequisite": []}}, {"model": "admin_dashboard.subject", "pk": 37, "fields": {"course_code": "GNED 08", "course_title": "Understanding the Self", "program": 2, "year": 2, "semester": 2, "subject_units_lec": 3, "subject_units_lab": 0, "prerequisite": []}}, {"model": "admin_dashboard.subject", "pk": 38, "fields": {"course_code": "DCIT 25", "course_title": "Data Structures and Algorithms", "program": 2, "year": 2, "semester": 2, "subject_units_lec": 2, "subject_units_lab": 1, "prerequisite": [35]}}, {"model": "admin_dashboard.subject", "pk": 39, "fields": {"course_code": "ITEC 60", "course_title": "Integrated Programming and Technologies 1", "program": 2, "year": 2, "semester": 2, "subject_units_lec": 2, "subject_units_lab": 1, "prerequisite": [26, 35]}}, {"model": "admin_dashboard.subject", "pk": 40, "fields": {"course_code": "ITEC 65", "course_title": "Open Source Technology", "program": 2, "year": 2, "semester": 2, "subject_units_lec": 2, "subject_units_lab": 1, "prerequisite": []}}, {"model": "admin_dashboard.subject", "pk": 41, "fields": {"course_code": "DCIT 55", "course_title": "Advanced Database System", "program": 2, "year": 2, "semester": 2, "subject_units_lec": 2, "subject_units_lab": 1, "prerequisite": [34]}}, {"model": "admin_dashboard.subject", "pk": 42, "fields": {"course_code": "ITEC 70", "course_title": "Multimedia Systems", "program": 2, "year": 2, "semester": 2, "subject_units_lec": 2, "subject_units_lab": 1, "prerequisite": []}}, {"model": "admin_dashboard.subject", "pk": 43, "fields": {"course_code": "FITT 4", "course_title": "Physical Activities towards Health and Fitness  II", "program": 2, "year": 2, "semester": 2, "subject_units_lec": 2, "subject_units_lab": 0, "prerequisite": []}}, {"model": "admin_dashboard.subject", "pk": 44, "fields": {"course_code": "ITEC 80", "course_title": "Introduction to Human Computer Interaction", "program": 2, "year": 3, "semester": 1, "subject_units_lec": 2, "subject_units_lab": 1, "prerequisite": []}}, {"model": "admin_dashboard.subject", "pk": 45, "fields": {"course_code": "STAT 2", "course_title": "Applied Statistics", "program": 2, "year": 2, "semester": 3, "subject_units_lec": 3, "subject_units_lab": 0, "prerequisite": []}}, {"model": "admin_dashboard.subject", "pk": 46, "fields": {"course_code": "ITEC 75", "course_title": "System Integration and Architecture 1", "program": 2, "year": 2, "semester": 3, "subject_units_lec": 2, "subject_units_lab": 1, "prerequisite": [39]}}, {"model": "admin_dashboard.subject", "pk": 47, "fields": {"course_code": "ITEC 85", "course_title": "Information Assurance and Security 1", "program": 2, "year": 3, "semester": 1, "subject_units_lec": 2, "subject_units_lab": 1, "prerequisite": [46]}}, {"model": "admin_dashboard.subject", "pk": 48, "fields": {"course_code": "ITEC 90", "course_title": "Network Fundamentals", "program": 2, "year": 3, "semester": 1, "subject_units_lec": 2, "subject_units_lab": 1, "prerequisite": [33]}}, {"model": "admin_dashboard.subject", "pk": 49, "fields": {"course_code": "INSY 55", "course_title": "System Analysis and Design", "program": 2, "year": 3, "semester": 1, "subject_units_lec": 2, "subject_units_lab": 1, "prerequisite": []}}, {"model": "admin_dashboard.subject", "pk": 50, "fields": {"course_code": "DCIT 26", "course_title": "Application Development and Emerging Technologies", "program": 2, "year": 3, "semester": 1, "subject_units_lec": 2, "subject_units_lab": 1, "prerequisite": [41]}}, {"model": "admin_dashboard.subject", "pk": 51, "fields": {"course_code": "DCIT 60", "course_title": "Methods of Research", "program": 2, "year": 3, "semester": 1, "subject_units_lec": 3, "subject_units_lab": 0, "prerequisite": []}}, {"model": "admin_dashboard.subject", "pk": 52, "fields": {"course_code": "GNED 09", "course_title": "Rizal: Life, Works, and Writings", "program": 2, "year": 3, "semester": 2, "subject_units_lec": 3, "subject_units_lab": 0, "prerequisite": [29]}}, {"model": "admin_dashboard.subject", "pk": 53, "fields": {"course_code": "ITEC 95", "course_title": "Quantitative Methods (Modeling & Simulation)", "program": 2, "year": 3, "semester": 2, "subject_units_lec": 3, "subject_units_lab": 0, "prerequisite": [15, 45]}}, {"model": "admin_dashboard.subject", "pk": 54, "fields": {"course_code": "ITEC 101", "course_title": "IT ELECTIVE 1 (Human Computer Interaction 2)", "program": 2, "year": 3, "semester": 2, "subject_units_lec": 2, "subject_units_lab": 1, "prerequisite": [44]}}, {"model": "admin_dashboard.subject", "pk": 55, "fields": {"course_code": "ITEC 106", "course_title": "IT ELECTIVE 2 (Web System and Technologies 2)", "program": 2, "year": 3, "semester": 2, "subject_units_lec": 2, "subject_units_lab": 1, "prerequisite": [26]}}, {"model": "admin_dashboard.subject", "pk": 56, "fields": {"course_code": "ITEC 100", "course_title": "Information Assurance and Security 2", "program": 2, "year": 3, "semester": 2, "subject_units_lec": 2, "subject_units_lab": 1, "prerequisite": [47]}}, {"model": "admin_dashboard.subject", "pk": 57, "fields": {"course_code": "ITEC 105", "course_title": "Network Management", "program": 2, "year": 3, "semester": 2, "subject_units_lec": 2, "subject_units_lab": 1, "prerequisite": [48]}}, {"model": "admin_dashboard.subject", "pk": 58, "fields": {"course_code": "ITEC 200A", "course_title": "Capstone Project and Research 1", "program": 2, "year": 3, "semester": 2, "subject_units_lec": 3, "subject_units_lab": 0, "prerequisite": [47, 50, 51]}}, {"model": "admin_dashboard.subject", "pk": 59, "fields": {"course_code": "DCIT 65", "course_title": "Social and Professional Issues", "program": 2, "year": 4, "semester": 1, "subject_units_lec": 3, "subject_units_lab": 0, "prerequisite": []}}, {"model": "admin_dashboard.subject", "pk": 60, "fields": {"course_code": "ITEC 111", "course_title": "IT ELECTIVE 3 (Integrated Programming and Technologies 2)", "program": 2, "year": 4, "semester": 1, "subject_units_lec": 2, "subject_units_lab": 1, "prerequisite": [39]}}, {"model": "admin_dashboard.subject", "pk": 61, "fields": {"course_code": "ITEC 116", "course_title": "IT ELECTIVE 4 (Systems Integration and Architecture 2)", "program": 2, "year": 4, "semester": 1, "subject_units_lec": 2, "subject_units_lab": 1, "prerequisite": [46]}}, {"model": "admin_dashboard.subject", "pk": 62, "fields": {"course_code": "ITEC 110", "course_title": "Systems Administration and Maintenance", "program": 2, "year": 4, "semester": 1, "subject_units_lec": 2, "subject_units_lab": 1, "prerequisite": [56]}}, {"model": "admin_dashboard.subject", "pk": 63, "fields": {"course_code": "ITEC 200B", "course_title": "Capstone Project and Research 2", "program": 2, "year": 4, "semester": 1, "subject_units_lec": 3, "subject_units_lab": 0, "prerequisite": [58]}}, {"model": "admin_dashboard.subject", "pk": 64, "fields": {"course_code": "ITEC 199", "course_title": "Practicum (minimum 486 hours)", "program": 2, "year": 4, "semester": 2, "subject_units_lec": 6, "subject_units_lab": 0, "prerequisite": [47, 50]}}, {"model": "admin_dashboard.subject", "pk": 65, "fields": {"course_code": "GNED 02", "course_title": "Ethics", "program": 1, "year": 1, "semester": 1, "subject_units_lec": 3, "subject_units_lab": 0, "prerequisite": []}}, {"model": "admin_dashboard.subject", "pk": 66, "fields": {"course_code": "GNED 05", "course_title": "Purposive Communication", "program": 1, "year": 1, "semester": 1, "subject_units_lec": 3, "subject_units_lab": 0, "prerequisite": []}}, {"model": "admin_dashboard.subject", "pk": 67, "fields": {"course_code": "GNED 11", "course_title": "Kontekstwalisadong Komunikasyon sa Filipino", "program": 1, "year": 1, "semester": 1, "subject_units_lec": 3, "subject_units_lab": 0, "prerequisite": []}}, {"model": "admin_dashboard.subject", "pk": 68, "fields": {"course_code": "COSC 50", "course_title": "Discrete Structure I", "program": 1, "year": 1, "semester": 1, "subject_units_lec": 3, "subject_units_lab": 0, "prerequisite": []}}, {"model": "admin_dashboard.subject", "pk": 69, "fields": {"course_code": "DCIT 21", "course_title": "Introduction to Computing", "program": 1, "year": 1, "semester": 1, "subject_units_lec": 2, "subject_units_lab": 1, "prerequisite": []}}, {"model": "admin_dashboard.subject", "pk": 70, "fields": {"course_code": "DCIT 22", "course_title": "Computer Programming 1", "program": 1, "year": 1, "semester": 1, "subject_units_lec": 1, "subject_units_lab": 2, "prerequisite": []}}, {"model": "admin_dashboard.subject", "pk": 71, "fields": {"course_code": "FITT 1", "course_title": "Movement Enhancement", "program": 1, "year": 1, "semester": 1, "subject_units_lec": 2, "subject_units_lab": 0, "prerequisite": []}}, {"model": "admin_dashboard.subject", "pk": 72, "fields": {"course_code": "NSTP 1", "course_title": "National Service Training Program 1", "program": 1, "year": 1, "semester": 1, "subject_units_lec": 3, "subject_units_lab": 0, "prerequisite": []}}, {"model": "admin_dashboard.subject", "pk": 73, "fields": {"course_code": "CVSU 101", "course_title": "Institutional Orientation", "program": 1, "year": 1, "semester": 1, "subject_units_lec": 1, "subject_units_lab": 0, "prerequisite": []}}, {"model": "admin_dashboard.subject", "pk": 74, "fields": {"course_code": "GNED 01", "course_title": "Arts Appreciation", "program": 1, "year": 1, "semester": 2, "subject_units_lec": 3, "subject_units_lab": 0, "prerequisite": []}}, {"model": "admin_dashboard.subject", "pk": 75, "fields": {"course_code": "GNED 03", "course_title": "Mathematics in the Modern World", "program": 1, "year": 1, "semester": 2, "subject_units_lec": 3, "subject_units_lab": 0, "prerequisite": []}}, {"model": "admin_dashboard.subject", "pk": 76, "fields": {"course_code": "GNED 06", "course_title": "Science, Technology and Society", "program": 1, "year": 1, "semester": 2, "subject_units_lec": 3, "subject_units_lab": 0, "prerequisite": []}}, {"model": "admin_dashboard.subject", "pk": 77, "fields": {"course_code": "GNED 12", "course_title": "Dalumat Ng/Sa Filipino", "program": 1, "year": 1, "semester": 2, "subject_units_lec": 3, "subject_units_lab": 0, "prerequisite": [67]}}, {"model": "admin_dashboard.subject", "pk": 78, "fields": {"course_code": "DCIT 23", "course_title": "Computer Programming 2", "program": 1, "year": 1, "semester": 2, "subject_units_lec": 1, "subject_units_lab": 2, "prerequisite": [70]}}, {"model": "admin_dashboard.subject", "pk": 79, "fields": {"course_code": "ITEC 50", "course_title": "Web System and Technologies 1", "program": 1, "year": 1, "semester": 2, "subject_units_lec": 2, "subject_units_lab": 1, "prerequisite": [69]}}, {"model": "admin_dashboard.subject", "pk": 80, "fields": {"course_code": "FITT 2", "course_title": "Fitness Exercise", "program": 1, "year": 1, "semester": 2, "subject_units_lec": 2, "subject_units_lab": 0, "prerequisite": [71]}}, {"model": "admin_dashboard.subject", "pk": 81, "fields": {"course_code": "NSTP 2", "course_title": "National Service Training Program 2", "program": 1, "year": 1, "semester": 2, "subject_units_lec": 3, "subject_units_lab": 0, "prerequisite": [72]}}, {"model": "admin_dashboard.subject", "pk": 82, "fields": {"course_code": "GNED 04", "course_title": "Mga Babasahin Hinggil sa Kasaysayan ng Pilipinas", "program": 1, "year": 2, "semester": 1, "subject_units_lec": 3, "subject_units_lab": 0, "prerequisite": []}}, {"model": "admin_dashboard.subject", "pk": 83, "fields": {"course_code": "MATH 1", "course_title": "Analytic Geometry", "program": 1, "year": 2, "semester": 1, "subject_units_lec": 3, "subject_units_lab": 0, "prerequisite": [75]}}, {"model": "admin_dashboard.subject", "pk": 84, "fields": {"course_code": "COSC 55", "course_title": "Discrete Structure II", "program": 1, "year": 2, "semester": 1, "subject_units_lec": 3, "subject_units_lab": 0, "prerequisite": [68]}}, {"model": "admin_dashboard.subject", "pk": 85, "fields": {"course_code": "COSC 60", "course_title": "Digital Logic Design", "program": 1, "year": 2, "semester": 1, "subject_units_lec": 2, "subject_units_lab": 1, "prerequisite": [68, 78]}}, {"model": "admin_dashboard.subject", "pk": 86, "fields": {"course_code": "DCIT 50", "course_title": "Object Oriented Programming", "program": 1, "year": 2, "semester": 1, "subject_units_lec": 2, "subject_units_lab": 1, "prerequisite": [78]}}, {"model": "admin_dashboard.subject", "pk": 87, "fields": {"course_code": "DCIT 24", "course_title": "Information Management", "program": 1, "year": 2, "semester": 1, "subject_units_lec": 2, "subject_units_lab": 1, "prerequisite": [78]}}, {"model": "admin_dashboard.subject", "pk": 88, "fields": {"course_code": "INSY 50", "course_title": "Fundamentals of Information Systems", "program": 1, "year": 2, "semester": 1, "subject_units_lec": 3, "subject_units_lab": 0, "prerequisite": [69]}}, {"model": "admin_dashboard.subject", "pk": 89, "fields": {"course_code": "FITT 3", "course_title": "Physical Activities towards Health and Fitness I", "program": 1, "year": 2, "semester": 1, "subject_units_lec": 2, "subject_units_lab": 0, "prerequisite": [71]}}, {"model": "admin_dashboard.subject", "pk": 90, "fields": {"course_code": "GNED 08", "course_title": "Understanding the Self", "program": 1, "year": 2, "semester": 2, "subject_units_lec": 3, "subject_units_lab": 0, "prerequisite": []}}, {"model": "admin_dashboard.subject", "pk": 91, "fields": {"course_code": "GNED 14", "course_title": "Panitikang Panlipunan", "program": 1, "year": 2, "semester": 2, "subject_units_lec": 3, "subject_units_lab": 0, "prerequisite": []}}, {"model": "admin_dashboard.subject", "pk": 92, "fields": {"course_code": "MATH 2", "course_title": "Calculus", "program": 1, "year": 2, "semester": 2, "subject_units_lec": 3, "subject_units_lab": 0, "prerequisite": [83]}}, {"model": "admin_dashboard.subject", "pk": 93, "fields": {"course_code": "COSC 65", "course_title": "Architecture and Organization", "program": 1, "year": 2, "semester": 2, "subject_units_lec": 2, "subject_units_lab": 1, "prerequisite": [85]}}, {"model": "admin_dashboard.subject", "pk": 94, "fields": {"course_code": "COSC 70", "course_title": "Software Engineering I", "program": 1, "year": 2, "semester": 2, "subject_units_lec": 3, "subject_units_lab": 0, "prerequisite": [86, 87]}}, {"model": "admin_dashboard.subject", "pk": 95, "fields": {"course_code": "DCIT 25", "course_title": "Data Structures and Algorithms", "program": 1, "year": 2, "semester": 2, "subject_units_lec": 2, "subject_units_lab": 1, "prerequisite": [78]}}, {"model": "admin_dashboard.subject", "pk": 96, "fields": {"course_code": "DCIT 55", "course_title": "Advanced Database Management System", "program": 1, "year": 2, "semester": 2, "subject_units_lec": 2, "subject_units_lab": 1, "prerequisite": [87]}}, {"model": "admin_dashboard.subject", "pk": 97, "fields": {"course_code": "FITT 4", "course_title": "Physical Activities towards Health and Fitness  II", "program": 1, "year": 2, "semester": 2, "subject_units_lec": 2, "subject_units_lab": 0, "prerequisite": [71]}}, {"model": "admin_dashboard.subject", "pk": 98, "fields": {"course_code": "MATH 3", "course_title": "Linear Algebra", "program": 1, "year": 3, "semester": 1, "subject_units_lec": 3, "subject_units_lab": 0, "prerequisite": [92]}}, {"model": "admin_dashboard.subject", "pk": 99, "fields": {"course_code": "COSC 75", "course_title": "Software Engineering II", "program": 1, "year": 3, "semester": 1, "subject_units_lec": 2, "subject_units_lab": 1, "prerequisite": [94]}}, {"model": "admin_dashboard.subject", "pk": 100, "fields": {"course_code": "COSC 80", "course_title": "Operating Systems", "program": 1, "year": 3, "semester": 1, "subject_units_lec": 2, "subject_units_lab": 1, "prerequisite": [95]}}, {"model": "admin_dashboard.subject", "pk": 101, "fields": {"course_code": "COSC 85", "course_title": "Networks and Communications", "program": 1, "year": 3, "semester": 1, "subject_units_lec": 2, "subject_units_lab": 1, "prerequisite": [79]}}, {"model": "admin_dashboard.subject", "pk": 102, "fields": {"course_code": "COSC 101", "course_title": "CS Elective 1 (Computer Graphics and Visual Computing)", "program": 1, "year": 3, "semester": 1, "subject_units_lec": 2, "subject_units_lab": 1, "prerequisite": [78]}}, {"model": "admin_dashboard.subject", "pk": 103, "fields": {"course_code": "DCIT 26", "course_title": "Application Development and Emerging Technologies", "program": 1, "year": 3, "semester": 1, "subject_units_lec": 2, "subject_units_lab": 1, "prerequisite": [79]}}, {"model": "admin_dashboard.subject", "pk": 104, "fields": {"course_code": "DCIT 65", "course_title": "Social and Professional Issues", "program": 1, "year": 3, "semester": 1, "subject_units_lec": 3, "subject_units_lab": 0, "prerequisite": []}}, {"model": "admin_dashboard.subject", "pk": 105, "fields": {"course_code": "GNED 09", "course_title": "Life and Works of Rizal", "program": 1, "year": 3, "semester": 2, "subject_units_lec": 3, "subject_units_lab": 0, "prerequisite": [82]}}, {"model": "admin_dashboard.subject", "pk": 106, "fields": {"course_code": "MATH 4", "course_title": "Experimental Statistics", "program": 1, "year": 3, "semester": 2, "subject_units_lec": 2, "subject_units_lab": 1, "prerequisite": [92]}}, {"model": "admin_dashboard.subject", "pk": 107, "fields": {"course_code": "COSC 90", "course_title": "Design and Analysis of Algorithm", "program": 1, "year": 3, "semester": 2, "subject_units_lec": 3, "subject_units_lab": 0, "prerequisite": [95]}}, {"model": "admin_dashboard.subject", "pk": 108, "fields": {"course_code": "COSC 95", "course_title": "Programming Languages", "program": 1, "year": 3, "semester": 2, "subject_units_lec": 3, "subject_units_lab": 0, "prerequisite": [95]}}, {"model": "admin_dashboard.subject", "pk": 109, "fields": {"course_code": "COSC 106", "course_title": "CS Elective 2 (Introduction to Game Development)", "program": 1, "year": 3, "semester": 2, "subject_units_lec": 2, "subject_units_lab": 1, "prerequisite": [98, 102]}}, {"model": "admin_dashboard.subject", "pk": 110, "fields": {"course_code": "DCIT 60", "course_title": "Methods of Research", "program": 1, "year": 3, "semester": 2, "subject_units_lec": 2, "subject_units_lab": 1, "prerequisite": []}}, {"model": "admin_dashboard.subject", "pk": 111, "fields": {"course_code": "ITEC 85", "course_title": "Information Assurance and Security", "program": 1, "year": 3, "semester": 2, "subject_units_lec": 3, "subject_units_lab": 0, "prerequisite": [87]}}, {"model": "admin_dashboard.subject", "pk": 112, "fields": {"course_code": "COSC 199", "course_title": "Practicum (minimum 240 hours)", "program": 1, "year": 3, "semester": 3, "subject_units_lec": 3, "subject_units_lab": 0, "prerequisite": []}}, {"model": "admin_dashboard.subject", "pk": 113, "fields": {"course_code": "ITEC 80", "course_title": "Human Computer Interaction", "program": 1, "year": 4, "semester": 1, "subject_units_lec": 1, "subject_units_lab": 0, "prerequisite": [111]}}, {"model": "admin_dashboard.subject", "pk": 114, "fields": {"course_code": "COSC 100", "course_title": "Automata Theory and Formal Languages", "program": 1, "year": 4, "semester": 1, "subject_units_lec": 3, "subject_units_lab": 0, "prerequisite": [107]}}, {"model": "admin_dashboard.subject", "pk": 115, "fields": {"course_code": "COSC 105", "course_title": "Intelligent Systems", "program": 1, "year": 4, "semester": 1, "subject_units_lec": 2, "subject_units_lab": 1, "prerequisite": [84, 86, 106]}}, {"model": "admin_dashboard.subject", "pk": 116, "fields": {"course_code": "COSC 111", "course_title": "CS Elective 3 (Internet Of Things)", "program": 1, "year": 4, "semester": 1, "subject_units_lec": 2, "subject_units_lab": 1, "prerequisite": [85]}}, {"model": "admin_dashboard.subject", "pk": 117, "fields": {"course_code": "COSC 200A", "course_title": "Undergraduate Thesis 1", "program": 1, "year": 4, "semester": 1, "subject_units_lec": 3, "subject_units_lab": 0, "prerequisite": []}}, {"model": "admin_dashboard.subject", "pk": 118, "fields": {"course_code": "GNED 07", "course_title": "The Contemporary World", "program": 1, "year": 4, "semester": 2, "subject_units_lec": 3, "subject_units_lab": 0, "prerequisite": []}}, {"model": "admin_dashboard.subject", "pk": 119, "fields": {"course_code": "GNED 10", "course_title": "Gender and Society", "program": 1, "year": 4, "semester": 2, "subject_units_lec": 3, "subject_units_lab": 0, "prerequisite": []}}, {"model": "admin_dashboard.subject", "pk": 120, "fields": {"course_code": "COSC 110", "course_title": "Numerical and Symbolic Computation", "program": 1, "year": 4, "semester": 2, "subject_units_lec": 2, "subject_units_lab": 1, "prerequisite": [85]}}, {"model": "admin_dashboard.subject", "pk": 121, "fields": {"course_code": "COSC 200B", "course_title": "Undergraduate Thesis 2", "program": 1, "year": 4, "semester": 2, "subject_units_lec": 3, "subject_units_lab": 0, "prerequisite": []}}, {"model": "admin_dashboard.instructor", "pk": 1, "fields": {"name": "Faculty A", "gender": "O", "email": "facultya@gmail.com", "contact": "", "address": ""}}, {"model": "admin_dashboard.instructor", "pk": 2, "fields": {"name": "Faculty B", "gender": "O", "email": "facultyb@gmail.com", "contact": "", "address": ""}}, {"model": "admin_dashboard.instructor", "pk": 6, "fields": {"name": "Faculty C", "gender": "O", "email": "facultyc@gmail.com", "contact": "", "address": ""}}, {"model": "admin_dashboard.instructor", "pk": 7, "fields": {"name": "Faculty D", "gender": "M", "email": "facultyd@gmail.com", "contact": "", "address": ""}}, {"model": "admin.logentry", "pk": 1, "fields": {"action_time": "2025-01-08T19:29:10.370Z", "user": 1, "content_type": 8, "object_id": "1", "object_repr": "GNED 05", "action_flag": 1, "change_message": "[{\"added\": {}}]"}}, {"model": "admin.logentry", "pk": 2, "fields": {"action_time": "2025-01-08T19:29:50.275Z", "user": 1, "content_type": 8, "object_id": "2", "object_repr": "GNED 11", "action_flag": 1, "change_message": "[{\"added\": {}}]"}}, {"model": "admin.logentry", "pk": 3, "fields": {"action_time": "2025-01-08T19:30:22.886Z", "user": 1, "content_type": 8, "object_id": "3", "object_repr": "COSC 50", "action_flag": 1, "change_message": "[{\"added\": {}}]"}}, {"model": "admin.logentry", "pk": 4, "fields": {"action_time": "2025-01-09T17:26:13.490Z", "user": 1, "content_type": 10, "object_id": "1", "object_repr": "BSCS", "action_flag": 1, "change_message": "[{\"added\": {}}]"}}, {"model": "admin.logentry", "pk": 5, "fields": {"action_time": "2025-01-09T17:26:33.606Z", "user": 1, "content_type": 10, "object_id": "2", "object_repr": "BSIT", "action_flag": 1, "change_message": "[{\"added\": {}}]"}}, {"model": "admin.logentry", "pk": 6, "fields": {"action_time": "2025-01-09T17:28:03.706Z", "user": 1, "content_type": 4, "object_id": "1", "object_repr": "admin", "action_flag": 2, "change_message": "[{\"changed\": {\"fields\": [\"First name\", \"Last name\", \"Email address\"]}}]"}}, {"model": "admin.logentry", "pk": 7, "fields": {"action_time": "2025-01-09T20:26:37.792Z", "user": 1, "content_type": 10, "object_id": "1", "object_repr": "BSCS", "action_flag": 1, "change_message": "[{\"added\": {}}]"}}, {"model": "admin.logentry", "pk": 8, "fields": {"action_time": "2025-01-09T20:26:49.229Z", "user": 1, "content_type": 10, "object_id": "2", "object_repr": "BSIT", "action_flag": 1, "change_message": "[{\"added\": {}}]"}}, {"model": "admin.logentry", "pk": 9, "fields": {"action_time": "2025-01-09T20:37:31.522Z", "user": 1, "content_type": 8, "object_id": "12", "object_repr": "GNED 02 - Ethics", "action_flag": 1, "change_message": "[{\"added\": {}}]"}}, {"model": "admin.logentry", "pk": 10, "fields": {"action_time": "2025-01-09T20:38:06.735Z", "user": 1, "content_type": 8, "object_id": "13", "object_repr": "GNED 05 - Purposive Communication", "action_flag": 1, "change_message": "[{\"added\": {}}]"}}, {"model": "admin.logentry", "pk": 11, "fields": {"action_time": "2025-01-09T20:38:27.988Z", "user": 1, "content_type": 8, "object_id": "14", "object_repr": "GNED 11 - Kontekstwalisadong Komunikasyon sa Filipino", "action_flag": 1, "change_message": "[{\"added\": {}}]"}}, {"model": "admin.logentry", "pk": 12, "fields": {"action_time": "2025-01-09T20:39:44.157Z", "user": 1, "content_type": 8, "object_id": "15", "object_repr": "COSC 50 - Discrete Structure", "action_flag": 1, "change_message": "[{\"added\": {}}]"}}, {"model": "admin.logentry", "pk": 13, "fields": {"action_time": "2025-01-09T20:40:46.917Z", "user": 1, "content_type": 8, "object_id": "16", "object_repr": "DCIT 21 - Introduction to Computing", "action_flag": 1, "change_message": "[{\"added\": {}}]"}}, {"model": "admin.logentry", "pk": 14, "fields": {"action_time": "2025-01-09T20:41:09.149Z", "user": 1, "content_type": 8, "object_id": "17", "object_repr": "DCIT 22 - Computer Programming 1", "action_flag": 1, "change_message": "[{\"added\": {}}]"}}, {"model": "admin.logentry", "pk": 15, "fields": {"action_time": "2025-01-09T20:41:38.287Z", "user": 1, "content_type": 8, "object_id": "18", "object_repr": "FITT 1 - Movement Enhancement", "action_flag": 1, "change_message": "[{\"added\": {}}]"}}, {"model": "admin.logentry", "pk": 16, "fields": {"action_time": "2025-01-09T20:42:43.417Z", "user": 1, "content_type": 8, "object_id": "19", "object_repr": "NSTP 1 - National Service Training Program 1", "action_flag": 1, "change_message": "[{\"added\": {}}]"}}, {"model": "admin.logentry", "pk": 17, "fields": {"action_time": "2025-01-09T20:43:59.467Z", "user": 1, "content_type": 8, "object_id": "20", "object_repr": "ORNT 1 - Institutional Orientation", "action_flag": 1, "change_message": "[{\"added\": {}}]"}}, {"model": "admin.logentry", "pk": 18, "fields": {"action_time": "2025-01-09T20:46:07.547Z", "user": 1, "content_type": 8, "object_id": "21", "object_repr": "GNED 01 - Arts Appreciation", "action_flag": 1, "change_message": "[{\"added\": {}}]"}}, {"model": "admin.logentry", "pk": 19, "fields": {"action_time": "2025-01-10T01:03:01.077Z", "user": 1, "content_type": 8, "object_id": "22", "object_repr": "GNED 06 - Science, Technology and Society", "action_flag": 1, "change_message": "[{\"added\": {}}]"}}, {"model": "admin.logentry", "pk": 20, "fields": {"action_time": "2025-01-10T01:03:27.157Z", "user": 1, "content_type": 8, "object_id": "23", "object_repr": "GNED 12 - Dalumat Ng/Sa Filipino", "action_flag": 1, "change_message": "[{\"added\": {}}]"}}, {"model": "admin.logentry", "pk": 21, "fields": {"action_time": "2025-01-10T01:04:11.406Z", "user": 1, "content_type": 8, "object_id": "24", "object_repr": "GNED 03 - Mathematics in the Modern World", "action_flag": 1, "change_message": "[{\"added\": {}}]"}}, {"model": "admin.logentry", "pk": 22, "fields": {"action_time": "2025-01-10T01:07:29.489Z", "user": 1, "content_type": 8, "object_id": "25", "object_repr": "DCIT 23 - Computer Programming 2", "action_flag": 1, "change_message": "[{\"added\": {}}]"}}, {"model": "admin.logentry", "pk": 23, "fields": {"action_time": "2025-01-10T01:08:23.833Z", "user": 1, "content_type": 8, "object_id": "26", "object_repr": "ITEC 50 - Web System and Technologies 1", "action_flag": 1, "change_message": "[{\"added\": {}}]"}}, {"model": "admin.logentry", "pk": 24, "fields": {"action_time": "2025-01-10T01:09:10.321Z", "user": 1, "content_type": 8, "object_id": "27", "object_repr": "FITT 2 - Fitness Exercise", "action_flag": 1, "change_message": "[{\"added\": {}}]"}}, {"model": "admin.logentry", "pk": 25, "fields": {"action_time": "2025-01-10T01:09:38.689Z", "user": 1, "content_type": 8, "object_id": "28", "object_repr": "NSTP 2 - National Service Training Program 2", "action_flag": 1, "change_message": "[{\"added\": {}}]"}}, {"model": "admin.logentry", "pk": 26, "fields": {"action_time": "2025-01-10T01:10:59.512Z", "user": 1, "content_type": 8, "object_id": "29", "object_repr": "GNED 04 - Mga Babasahin Hinggil sa Kasaysayan ng Pilipinas", "action_flag": 1, "change_message": "[{\"added\": {}}]"}}, {"model": "admin.logentry", "pk": 27, "fields": {"action_time": "2025-01-10T01:11:43.402Z", "user": 1, "content_type": 8, "object_id": "30", "object_repr": "GNED 07 - The Contemporary World", "action_flag": 1, "change_message": "[{\"added\": {}}]"}}, {"model": "admin.logentry", "pk": 28, "fields": {"action_time": "2025-01-10T01:12:13.789Z", "user": 1, "content_type": 8, "object_id": "31", "object_repr": "GNED 10 - Gender and Society", "action_flag": 1, "change_message": "[{\"added\": {}}]"}}, {"model": "admin.logentry", "pk": 29, "fields": {"action_time": "2025-01-10T01:14:03.376Z", "user": 1, "content_type": 8, "object_id": "31", "object_repr": "GNED 10 - Gender and Society", "action_flag": 2, "change_message": "[{\"changed\": {\"fields\": [\"Program\"]}}]"}}, {"model": "admin.logentry", "pk": 30, "fields": {"action_time": "2025-01-10T01:14:34.766Z", "user": 1, "content_type": 8, "object_id": "26", "object_repr": "ITEC 50 - Web System and Technologies 1", "action_flag": 2, "change_message": "[{\"changed\": {\"fields\": [\"Program\"]}}]"}}, {"model": "admin.logentry", "pk": 31, "fields": {"action_time": "2025-01-10T01:14:46.972Z", "user": 1, "content_type": 8, "object_id": "25", "object_repr": "DCIT 23 - Computer Programming 2", "action_flag": 2, "change_message": "[{\"changed\": {\"fields\": [\"Program\"]}}]"}}, {"model": "admin.logentry", "pk": 32, "fields": {"action_time": "2025-01-10T01:14:57.992Z", "user": 1, "content_type": 8, "object_id": "24", "object_repr": "GNED 03 - Mathematics in the Modern World", "action_flag": 2, "change_message": "[{\"changed\": {\"fields\": [\"Program\"]}}]"}}, {"model": "admin.logentry", "pk": 33, "fields": {"action_time": "2025-01-10T01:15:13.276Z", "user": 1, "content_type": 8, "object_id": "23", "object_repr": "GNED 12 - Dalumat Ng/Sa Filipino", "action_flag": 2, "change_message": "[{\"changed\": {\"fields\": [\"Program\"]}}]"}}, {"model": "admin.logentry", "pk": 34, "fields": {"action_time": "2025-01-10T01:15:27.216Z", "user": 1, "content_type": 8, "object_id": "22", "object_repr": "GNED 06 - Science, Technology and Society", "action_flag": 2, "change_message": "[{\"changed\": {\"fields\": [\"Program\"]}}]"}}, {"model": "admin.logentry", "pk": 35, "fields": {"action_time": "2025-01-10T01:16:57.553Z", "user": 1, "content_type": 8, "object_id": "32", "object_repr": "GNED 14 - Panitikang Panlipunan", "action_flag": 1, "change_message": "[{\"added\": {}}]"}}, {"model": "admin.logentry", "pk": 36, "fields": {"action_time": "2025-01-10T01:17:49.604Z", "user": 1, "content_type": 8, "object_id": "33", "object_repr": "ITEC 55 - Platform Technologies", "action_flag": 1, "change_message": "[{\"added\": {}}]"}}, {"model": "admin.logentry", "pk": 37, "fields": {"action_time": "2025-01-10T01:18:37.486Z", "user": 1, "content_type": 8, "object_id": "34", "object_repr": "DCIT 24 - Information Management", "action_flag": 1, "change_message": "[{\"added\": {}}]"}}, {"model": "admin.logentry", "pk": 38, "fields": {"action_time": "2025-01-10T01:19:11.919Z", "user": 1, "content_type": 8, "object_id": "35", "object_repr": "DCIT 50 - Object Oriented Programming", "action_flag": 1, "change_message": "[{\"added\": {}}]"}}, {"model": "admin.logentry", "pk": 39, "fields": {"action_time": "2025-01-10T01:20:14.786Z", "user": 1, "content_type": 8, "object_id": "36", "object_repr": "FITT 3 - Physical Activities towards Health and Fitness I", "action_flag": 1, "change_message": "[{\"added\": {}}]"}}, {"model": "admin.logentry", "pk": 40, "fields": {"action_time": "2025-01-10T01:20:57.495Z", "user": 1, "content_type": 8, "object_id": "37", "object_repr": "GNED 08 - Understanding the Self", "action_flag": 1, "change_message": "[{\"added\": {}}]"}}, {"model": "admin.logentry", "pk": 41, "fields": {"action_time": "2025-01-10T01:21:31.882Z", "user": 1, "content_type": 8, "object_id": "38", "object_repr": "DCIT 25 - Data Structures and Algorithms", "action_flag": 1, "change_message": "[{\"added\": {}}]"}}, {"model": "admin.logentry", "pk": 42, "fields": {"action_time": "2025-01-10T01:25:35.914Z", "user": 1, "content_type": 8, "object_id": "39", "object_repr": "ITEC 60 - Integrated Programming and Technologies 1", "action_flag": 1, "change_message": "[{\"added\": {}}]"}}, {"model": "admin.logentry", "pk": 43, "fields": {"action_time": "2025-01-10T01:28:15.029Z", "user": 1, "content_type": 8, "object_id": "40", "object_repr": "ITEC 65 - Open Source Technology", "action_flag": 1, "change_message": "[{\"added\": {}}]"}}, {"model": "admin.logentry", "pk": 44, "fields": {"action_time": "2025-01-10T01:28:47.037Z", "user": 1, "content_type": 8, "object_id": "41", "object_repr": "DCIT 55 - Advanced Database System", "action_flag": 1, "change_message": "[{\"added\": {}}]"}}, {"model": "admin.logentry", "pk": 45, "fields": {"action_time": "2025-01-10T01:29:51.234Z", "user": 1, "content_type": 8, "object_id": "42", "object_repr": "ITEC 70 - Multimedia Systems", "action_flag": 1, "change_message": "[{\"added\": {}}]"}}, {"model": "admin.logentry", "pk": 46, "fields": {"action_time": "2025-01-10T01:30:17.921Z", "user": 1, "content_type": 8, "object_id": "43", "object_repr": "FITT 4 - Physical Activities towards Health and Fitness  II", "action_flag": 1, "change_message": "[{\"added\": {}}]"}}, {"model": "admin.logentry", "pk": 47, "fields": {"action_time": "2025-01-10T01:32:17.869Z", "user": 1, "content_type": 8, "object_id": "44", "object_repr": "ITEC 80 - Introduction to Human Computer Interaction", "action_flag": 1, "change_message": "[{\"added\": {}}]"}}, {"model": "admin.logentry", "pk": 48, "fields": {"action_time": "2025-01-10T02:12:06.225Z", "user": 1, "content_type": 8, "object_id": "39", "object_repr": "BSIT - ITEC 60 - Integrated Programming and Technologies 1", "action_flag": 2, "change_message": "[{\"changed\": {\"fields\": [\"Prerequisite\"]}}]"}}, {"model": "admin.logentry", "pk": 49, "fields": {"action_time": "2025-01-10T02:24:29.297Z", "user": 1, "content_type": 8, "object_id": "25", "object_repr": "BSIT - DCIT 23 - Computer Programming 2", "action_flag": 2, "change_message": "[{\"changed\": {\"fields\": [\"Prerequisite\"]}}]"}}, {"model": "admin.logentry", "pk": 50, "fields": {"action_time": "2025-01-10T02:24:52.513Z", "user": 1, "content_type": 8, "object_id": "26", "object_repr": "BSIT - ITEC 50 - Web System and Technologies 1", "action_flag": 2, "change_message": "[{\"changed\": {\"fields\": [\"Prerequisite\"]}}]"}}, {"model": "admin.logentry", "pk": 51, "fields": {"action_time": "2025-01-10T02:25:05.300Z", "user": 1, "content_type": 8, "object_id": "27", "object_repr": "BSIT - FITT 2 - Fitness Exercise", "action_flag": 2, "change_message": "[{\"changed\": {\"fields\": [\"Prerequisite\"]}}]"}}, {"model": "admin.logentry", "pk": 52, "fields": {"action_time": "2025-01-10T02:25:15.303Z", "user": 1, "content_type": 8, "object_id": "28", "object_repr": "BSIT - NSTP 2 - National Service Training Program 2", "action_flag": 2, "change_message": "[{\"changed\": {\"fields\": [\"Prerequisite\"]}}]"}}, {"model": "admin.logentry", "pk": 53, "fields": {"action_time": "2025-01-10T02:25:54.456Z", "user": 1, "content_type": 8, "object_id": "33", "object_repr": "BSIT - ITEC 55 - Platform Technologies", "action_flag": 2, "change_message": "[{\"changed\": {\"fields\": [\"Prerequisite\"]}}]"}}, {"model": "admin.logentry", "pk": 54, "fields": {"action_time": "2025-01-10T02:26:13.616Z", "user": 1, "content_type": 8, "object_id": "34", "object_repr": "BSIT - DCIT 24 - Information Management", "action_flag": 2, "change_message": "[{\"changed\": {\"fields\": [\"Prerequisite\"]}}]"}}, {"model": "admin.logentry", "pk": 55, "fields": {"action_time": "2025-01-10T02:26:24.638Z", "user": 1, "content_type": 8, "object_id": "35", "object_repr": "BSIT - DCIT 50 - Object Oriented Programming", "action_flag": 2, "change_message": "[{\"changed\": {\"fields\": [\"Prerequisite\"]}}]"}}, {"model": "admin.logentry", "pk": 56, "fields": {"action_time": "2025-01-10T02:26:53.329Z", "user": 1, "content_type": 8, "object_id": "38", "object_repr": "BSIT - DCIT 25 - Data Structures and Algorithms", "action_flag": 2, "change_message": "[{\"changed\": {\"fields\": [\"Prerequisite\"]}}]"}}, {"model": "admin.logentry", "pk": 57, "fields": {"action_time": "2025-01-10T02:27:36.324Z", "user": 1, "content_type": 8, "object_id": "41", "object_repr": "BSIT - DCIT 55 - Advanced Database System", "action_flag": 2, "change_message": "[{\"changed\": {\"fields\": [\"Prerequisite\"]}}]"}}, {"model": "admin.logentry", "pk": 58, "fields": {"action_time": "2025-01-10T02:28:17.326Z", "user": 1, "content_type": 8, "object_id": "45", "object_repr": "BSIT - STAT 2 - Applied Statistics", "action_flag": 1, "change_message": "[{\"added\": {}}]"}}, {"model": "admin.logentry", "pk": 59, "fields": {"action_time": "2025-01-10T02:29:10.636Z", "user": 1, "content_type": 8, "object_id": "46", "object_repr": "BSIT - ITEC 75 - System Integration and Architecture 1", "action_flag": 1, "change_message": "[{\"added\": {}}]"}}, {"model": "admin.logentry", "pk": 60, "fields": {"action_time": "2025-01-10T02:29:49.166Z", "user": 1, "content_type": 8, "object_id": "47", "object_repr": "BSIT - ITEC 85 - Information Assurance and Security 1", "action_flag": 1, "change_message": "[{\"added\": {}}]"}}, {"model": "admin.logentry", "pk": 61, "fields": {"action_time": "2025-01-10T02:30:22.947Z", "user": 1, "content_type": 8, "object_id": "48", "object_repr": "BSIT - ITEC 90 - Network Fundamentals", "action_flag": 1, "change_message": "[{\"added\": {}}]"}}, {"model": "admin.logentry", "pk": 62, "fields": {"action_time": "2025-01-10T02:31:07.182Z", "user": 1, "content_type": 8, "object_id": "49", "object_repr": "BSIT - INSY 55 - System Analysis and Design", "action_flag": 1, "change_message": "[{\"added\": {}}]"}}, {"model": "admin.logentry", "pk": 63, "fields": {"action_time": "2025-01-10T02:31:52.509Z", "user": 1, "content_type": 8, "object_id": "50", "object_repr": "BSIT - DCIT 26 - Application Development and Emerging Technologies", "action_flag": 1, "change_message": "[{\"added\": {}}]"}}, {"model": "admin.logentry", "pk": 64, "fields": {"action_time": "2025-01-10T02:32:33.668Z", "user": 1, "content_type": 8, "object_id": "51", "object_repr": "BSIT - DCIT 60 - Methods of Research", "action_flag": 1, "change_message": "[{\"added\": {}}]"}}, {"model": "admin.logentry", "pk": 65, "fields": {"action_time": "2025-01-10T02:33:41.476Z", "user": 1, "content_type": 8, "object_id": "52", "object_repr": "BSIT - GNED 09 - Rizal: Life, Works, and Writings", "action_flag": 1, "change_message": "[{\"added\": {}}]"}}, {"model": "admin.logentry", "pk": 66, "fields": {"action_time": "2025-01-10T02:34:29.367Z", "user": 1, "content_type": 8, "object_id": "53", "object_repr": "BSIT - ITEC 95 - Quantitative Methods (Modeling & Simulation)", "action_flag": 1, "change_message": "[{\"added\": {}}]"}}, {"model": "admin.logentry", "pk": 67, "fields": {"action_time": "2025-01-10T02:35:50.008Z", "user": 1, "content_type": 8, "object_id": "54", "object_repr": "BSIT - ITEC 101 - IT ELECTIVE 1 (Human Computer Interaction 2)", "action_flag": 1, "change_message": "[{\"added\": {}}]"}}, {"model": "admin.logentry", "pk": 68, "fields": {"action_time": "2025-01-10T02:37:14.246Z", "user": 1, "content_type": 8, "object_id": "55", "object_repr": "BSIT - ITEC 106 - IT ELECTIVE 2 (Web System and Technologies 2)", "action_flag": 1, "change_message": "[{\"added\": {}}]"}}, {"model": "admin.logentry", "pk": 69, "fields": {"action_time": "2025-01-10T02:37:46.138Z", "user": 1, "content_type": 8, "object_id": "56", "object_repr": "BSIT - ITEC 100 - Information Assurance and Security 2", "action_flag": 1, "change_message": "[{\"added\": {}}]"}}, {"model": "admin.logentry", "pk": 70, "fields": {"action_time": "2025-01-10T02:38:27.686Z", "user": 1, "content_type": 8, "object_id": "57", "object_repr": "BSIT - ITEC 105 - Network Management", "action_flag": 1, "change_message": "[{\"added\": {}}]"}}, {"model": "admin.logentry", "pk": 71, "fields": {"action_time": "2025-01-10T02:40:35.156Z", "user": 1, "content_type": 8, "object_id": "58", "object_repr": "BSIT - ITEC 200A - Capstone Project and Research 1", "action_flag": 1, "change_message": "[{\"added\": {}}]"}}, {"model": "admin.logentry", "pk": 72, "fields": {"action_time": "2025-01-10T02:41:00.932Z", "user": 1, "content_type": 8, "object_id": "59", "object_repr": "BSIT - DCIT 65 - Social and Professional Issues", "action_flag": 1, "change_message": "[{\"added\": {}}]"}}, {"model": "admin.logentry", "pk": 73, "fields": {"action_time": "2025-01-10T02:42:32.704Z", "user": 1, "content_type": 8, "object_id": "60", "object_repr": "BSIT - ITEC 111 - IT ELECTIVE 3 (Integrated Programming and Technologies 2)", "action_flag": 1, "change_message": "[{\"added\": {}}]"}}, {"model": "admin.logentry", "pk": 74, "fields": {"action_time": "2025-01-10T02:43:07.874Z", "user": 1, "content_type": 8, "object_id": "61", "object_repr": "BSIT - ITEC 116 - IT ELECTIVE 4 (Systems Integration and Architecture 2)", "action_flag": 1, "change_message": "[{\"added\": {}}]"}}, {"model": "admin.logentry", "pk": 75, "fields": {"action_time": "2025-01-10T02:44:35.683Z", "user": 1, "content_type": 8, "object_id": "62", "object_repr": "BSIT - ITEC 110 - Systems Administration and Maintenance", "action_flag": 1, "change_message": "[{\"added\": {}}]"}}, {"model": "admin.logentry", "pk": 76, "fields": {"action_time": "2025-01-10T02:45:15.320Z", "user": 1, "content_type": 8, "object_id": "63", "object_repr": "BSIT - ITEC 200B - Capstone Project and Research 2", "action_flag": 1, "change_message": "[{\"added\": {}}]"}}, {"model": "admin.logentry", "pk": 77, "fields": {"action_time": "2025-01-10T02:46:38.214Z", "user": 1, "content_type": 8, "object_id": "64", "object_repr": "BSIT - ITEC 199 - Practicum (minimum 486 hours)", "action_flag": 1, "change_message": "[{\"added\": {}}]"}}, {"model": "admin.logentry", "pk": 78, "fields": {"action_time": "2025-01-10T04:07:10.022Z", "user": 1, "content_type": 8, "object_id": "65", "object_repr": "BSCS - GNED 02 - Ethics", "action_flag": 1, "change_message": "[{\"added\": {}}]"}}, {"model": "admin.logentry", "pk": 79, "fields": {"action_time": "2025-01-10T04:07:25.846Z", "user": 1, "content_type": 8, "object_id": "66", "object_repr": "BSCS - GNED 05 - Purposive Communication", "action_flag": 1, "change_message": "[{\"added\": {}}]"}}, {"model": "admin.logentry", "pk": 80, "fields": {"action_time": "2025-01-10T04:07:45.056Z", "user": 1, "content_type": 8, "object_id": "67", "object_repr": "BSCS - GNED 11 - Kontekstwalisadong Komunikasyon sa Filipino", "action_flag": 1, "change_message": "[{\"added\": {}}]"}}, {"model": "admin.logentry", "pk": 81, "fields": {"action_time": "2025-01-10T04:08:05.272Z", "user": 1, "content_type": 8, "object_id": "68", "object_repr": "BSCS - COSC 50 - Discrete Structure I", "action_flag": 1, "change_message": "[{\"added\": {}}]"}}, {"model": "admin.logentry", "pk": 82, "fields": {"action_time": "2025-01-10T04:08:21.596Z", "user": 1, "content_type": 8, "object_id": "69", "object_repr": "BSCS - DCIT 21 - Introduction to Computing", "action_flag": 1, "change_message": "[{\"added\": {}}]"}}, {"model": "admin.logentry", "pk": 83, "fields": {"action_time": "2025-01-10T04:08:55.607Z", "user": 1, "content_type": 8, "object_id": "70", "object_repr": "BSCS - DCIT 22 - Computer Programming 1", "action_flag": 1, "change_message": "[{\"added\": {}}]"}}, {"model": "admin.logentry", "pk": 84, "fields": {"action_time": "2025-01-10T04:09:23.860Z", "user": 1, "content_type": 8, "object_id": "71", "object_repr": "BSCS - FITT 1 - Movement Enhancement", "action_flag": 1, "change_message": "[{\"added\": {}}]"}}, {"model": "admin.logentry", "pk": 85, "fields": {"action_time": "2025-01-10T04:10:33.685Z", "user": 1, "content_type": 8, "object_id": "72", "object_repr": "BSCS - NSTP 1 - National Service Training Program 1", "action_flag": 1, "change_message": "[{\"added\": {}}]"}}, {"model": "admin.logentry", "pk": 86, "fields": {"action_time": "2025-01-10T04:10:59.060Z", "user": 1, "content_type": 8, "object_id": "73", "object_repr": "BSCS - CVSU 101 - Institutional Orientation", "action_flag": 1, "change_message": "[{\"added\": {}}]"}}, {"model": "admin.logentry", "pk": 87, "fields": {"action_time": "2025-01-10T04:11:11.739Z", "user": 1, "content_type": 8, "object_id": "74", "object_repr": "BSCS - GNED 01 - Arts Appreciation", "action_flag": 1, "change_message": "[{\"added\": {}}]"}}, {"model": "admin.logentry", "pk": 88, "fields": {"action_time": "2025-01-10T04:11:55.400Z", "user": 1, "content_type": 8, "object_id": "75", "object_repr": "BSCS - GNED 03 - Mathematics in the Modern World", "action_flag": 1, "change_message": "[{\"added\": {}}]"}}, {"model": "admin.logentry", "pk": 89, "fields": {"action_time": "2025-01-10T04:12:11.625Z", "user": 1, "content_type": 8, "object_id": "76", "object_repr": "BSCS - GNED 06 - Science, Technology and Society", "action_flag": 1, "change_message": "[{\"added\": {}}]"}}, {"model": "admin.logentry", "pk": 90, "fields": {"action_time": "2025-01-10T04:13:49.261Z", "user": 1, "content_type": 8, "object_id": "77", "object_repr": "BSCS - GNED 12 - Dalumat Ng/Sa Filipino", "action_flag": 1, "change_message": "[{\"added\": {}}]"}}, {"model": "admin.logentry", "pk": 91, "fields": {"action_time": "2025-01-10T04:13:55.431Z", "user": 1, "content_type": 8, "object_id": "76", "object_repr": "BSCS - GNED 06 - Science, Technology and Society", "action_flag": 2, "change_message": "[{\"changed\": {\"fields\": [\"Semester\"]}}]"}}, {"model": "admin.logentry", "pk": 92, "fields": {"action_time": "2025-01-10T04:14:04.657Z", "user": 1, "content_type": 8, "object_id": "75", "object_repr": "BSCS - GNED 03 - Mathematics in the Modern World", "action_flag": 2, "change_message": "[{\"changed\": {\"fields\": [\"Semester\"]}}]"}}, {"model": "admin.logentry", "pk": 93, "fields": {"action_time": "2025-01-10T04:14:14.603Z", "user": 1, "content_type": 8, "object_id": "74", "object_repr": "BSCS - GNED 01 - Arts Appreciation", "action_flag": 2, "change_message": "[{\"changed\": {\"fields\": [\"Semester\"]}}]"}}, {"model": "admin.logentry", "pk": 94, "fields": {"action_time": "2025-01-10T04:16:15.806Z", "user": 1, "content_type": 8, "object_id": "78", "object_repr": "BSCS - DCIT 23 - Computer Programming 2", "action_flag": 1, "change_message": "[{\"added\": {}}]"}}, {"model": "admin.logentry", "pk": 95, "fields": {"action_time": "2025-01-10T04:16:58.860Z", "user": 1, "content_type": 8, "object_id": "79", "object_repr": "BSCS - ITEC 50 - Web System and Technologies 1", "action_flag": 1, "change_message": "[{\"added\": {}}]"}}, {"model": "admin.logentry", "pk": 96, "fields": {"action_time": "2025-01-10T04:17:22.384Z", "user": 1, "content_type": 8, "object_id": "80", "object_repr": "BSCS - FITT 2 - Fitness Exercise", "action_flag": 1, "change_message": "[{\"added\": {}}]"}}, {"model": "admin.logentry", "pk": 97, "fields": {"action_time": "2025-01-10T04:18:25.845Z", "user": 1, "content_type": 8, "object_id": "81", "object_repr": "BSCS - NSTP 2 - National Service Training Program 2", "action_flag": 1, "change_message": "[{\"added\": {}}]"}}, {"model": "admin.logentry", "pk": 98, "fields": {"action_time": "2025-01-10T04:18:51.948Z", "user": 1, "content_type": 8, "object_id": "82", "object_repr": "BSCS - GNED 04 - Mga Babasahin Hinggil sa Kasaysayan ng Pilipinas", "action_flag": 1, "change_message": "[{\"added\": {}}]"}}, {"model": "admin.logentry", "pk": 99, "fields": {"action_time": "2025-01-10T04:19:25.478Z", "user": 1, "content_type": 8, "object_id": "83", "object_repr": "BSCS - MATH 1 - Analytic Geometry", "action_flag": 1, "change_message": "[{\"added\": {}}]"}}, {"model": "admin.logentry", "pk": 100, "fields": {"action_time": "2025-01-10T04:20:37.492Z", "user": 1, "content_type": 8, "object_id": "84", "object_repr": "BSCS - COSC 55 - Discrete Structure II", "action_flag": 1, "change_message": "[{\"added\": {}}]"}}, {"model": "admin.logentry", "pk": 101, "fields": {"action_time": "2025-01-10T04:22:26.095Z", "user": 1, "content_type": 8, "object_id": "85", "object_repr": "BSCS - COSC 60 - Digital Logic Design", "action_flag": 1, "change_message": "[{\"added\": {}}]"}}, {"model": "admin.logentry", "pk": 102, "fields": {"action_time": "2025-01-10T04:23:06.059Z", "user": 1, "content_type": 8, "object_id": "86", "object_repr": "BSCS - DCIT 50 - Object Oriented Programming", "action_flag": 1, "change_message": "[{\"added\": {}}]"}}, {"model": "admin.logentry", "pk": 103, "fields": {"action_time": "2025-01-10T04:24:02.877Z", "user": 1, "content_type": 8, "object_id": "87", "object_repr": "BSCS - DCIT 24 - Information Management", "action_flag": 1, "change_message": "[{\"added\": {}}]"}}, {"model": "admin.logentry", "pk": 104, "fields": {"action_time": "2025-01-10T04:25:26.221Z", "user": 1, "content_type": 8, "object_id": "88", "object_repr": "BSCS - INSY 50 - Fundamentals of Information Systems", "action_flag": 1, "change_message": "[{\"added\": {}}]"}}, {"model": "admin.logentry", "pk": 105, "fields": {"action_time": "2025-01-10T04:26:30.324Z", "user": 1, "content_type": 8, "object_id": "89", "object_repr": "BSCS - FITT 3 - Physical Activities towards Health and Fitness I", "action_flag": 1, "change_message": "[{\"added\": {}}]"}}, {"model": "admin.logentry", "pk": 106, "fields": {"action_time": "2025-01-10T04:28:05.594Z", "user": 1, "content_type": 8, "object_id": "90", "object_repr": "BSCS - GNED 08 - Understanding the Self", "action_flag": 1, "change_message": "[{\"added\": {}}]"}}, {"model": "admin.logentry", "pk": 107, "fields": {"action_time": "2025-01-10T04:28:40.058Z", "user": 1, "content_type": 8, "object_id": "91", "object_repr": "BSCS - GNED 14 - Panitikang Panlipunan", "action_flag": 1, "change_message": "[{\"added\": {}}]"}}, {"model": "admin.logentry", "pk": 108, "fields": {"action_time": "2025-01-10T04:29:13.117Z", "user": 1, "content_type": 8, "object_id": "92", "object_repr": "BSCS - MATH 2 - Calculus", "action_flag": 1, "change_message": "[{\"added\": {}}]"}}, {"model": "admin.logentry", "pk": 109, "fields": {"action_time": "2025-01-10T04:30:08.400Z", "user": 1, "content_type": 8, "object_id": "93", "object_repr": "BSCS - COSC 65 - Architecture and Organization", "action_flag": 1, "change_message": "[{\"added\": {}}]"}}, {"model": "admin.logentry", "pk": 110, "fields": {"action_time": "2025-01-10T04:31:05.355Z", "user": 1, "content_type": 8, "object_id": "94", "object_repr": "BSCS - COSC 70 - Software Engineering I", "action_flag": 1, "change_message": "[{\"added\": {}}]"}}, {"model": "admin.logentry", "pk": 111, "fields": {"action_time": "2025-01-10T04:33:22.012Z", "user": 1, "content_type": 8, "object_id": "95", "object_repr": "BSCS - DCIT 25 - Data Structures and Algorithms", "action_flag": 1, "change_message": "[{\"added\": {}}]"}}, {"model": "admin.logentry", "pk": 112, "fields": {"action_time": "2025-01-10T04:34:08.118Z", "user": 1, "content_type": 8, "object_id": "96", "object_repr": "BSCS - DCIT 55 - Advanced Database Management System", "action_flag": 1, "change_message": "[{\"added\": {}}]"}}, {"model": "admin.logentry", "pk": 113, "fields": {"action_time": "2025-01-10T04:34:37.070Z", "user": 1, "content_type": 8, "object_id": "97", "object_repr": "BSCS - FITT 4 - Physical Activities towards Health and Fitness  II", "action_flag": 1, "change_message": "[{\"added\": {}}]"}}, {"model": "admin.logentry", "pk": 114, "fields": {"action_time": "2025-01-10T04:37:35.627Z", "user": 1, "content_type": 8, "object_id": "98", "object_repr": "BSCS - MATH 3 - Linear Algebra", "action_flag": 1, "change_message": "[{\"added\": {}}]"}}, {"model": "admin.logentry", "pk": 115, "fields": {"action_time": "2025-01-10T04:38:50.577Z", "user": 1, "content_type": 8, "object_id": "99", "object_repr": "BSCS - COSC 75 - Software Engineering II", "action_flag": 1, "change_message": "[{\"added\": {}}]"}}, {"model": "admin.logentry", "pk": 116, "fields": {"action_time": "2025-01-10T04:40:10.608Z", "user": 1, "content_type": 8, "object_id": "100", "object_repr": "BSCS - COSC 80 - Operating Systems", "action_flag": 1, "change_message": "[{\"added\": {}}]"}}, {"model": "admin.logentry", "pk": 117, "fields": {"action_time": "2025-01-10T04:40:51.673Z", "user": 1, "content_type": 8, "object_id": "101", "object_repr": "BSCS - COSC 85 - Networks and Communications", "action_flag": 1, "change_message": "[{\"added\": {}}]"}}, {"model": "admin.logentry", "pk": 118, "fields": {"action_time": "2025-01-10T04:41:45.302Z", "user": 1, "content_type": 8, "object_id": "102", "object_repr": "BSCS - COSC 101 - CS Elective 1 (Computer Graphics and Visual Computing)", "action_flag": 1, "change_message": "[{\"added\": {}}]"}}, {"model": "admin.logentry", "pk": 119, "fields": {"action_time": "2025-01-10T04:42:51.561Z", "user": 1, "content_type": 8, "object_id": "103", "object_repr": "BSCS - DCIT 26 - Application Development and Emerging Technologies", "action_flag": 1, "change_message": "[{\"added\": {}}]"}}, {"model": "admin.logentry", "pk": 120, "fields": {"action_time": "2025-01-10T04:43:19.456Z", "user": 1, "content_type": 8, "object_id": "104", "object_repr": "BSCS - DCIT 65 - Social and Professional Issues", "action_flag": 1, "change_message": "[{\"added\": {}}]"}}, {"model": "admin.logentry", "pk": 121, "fields": {"action_time": "2025-01-10T04:45:21.794Z", "user": 1, "content_type": 8, "object_id": "105", "object_repr": "BSCS - GNED 09 - Life and Works of Rizal", "action_flag": 1, "change_message": "[{\"added\": {}}]"}}, {"model": "admin.logentry", "pk": 122, "fields": {"action_time": "2025-01-10T04:46:23.785Z", "user": 1, "content_type": 8, "object_id": "106", "object_repr": "BSCS - MATH 4 - Experimental Statistics", "action_flag": 1, "change_message": "[{\"added\": {}}]"}}, {"model": "admin.logentry", "pk": 123, "fields": {"action_time": "2025-01-10T04:47:04.965Z", "user": 1, "content_type": 8, "object_id": "107", "object_repr": "BSCS - COSC 90 - Design and Analysis of Algorithm", "action_flag": 1, "change_message": "[{\"added\": {}}]"}}, {"model": "admin.logentry", "pk": 124, "fields": {"action_time": "2025-01-10T04:47:42.955Z", "user": 1, "content_type": 8, "object_id": "108", "object_repr": "BSCS - COSC 95 - Programming Languages", "action_flag": 1, "change_message": "[{\"added\": {}}]"}}, {"model": "admin.logentry", "pk": 125, "fields": {"action_time": "2025-01-10T04:48:40.555Z", "user": 1, "content_type": 8, "object_id": "109", "object_repr": "BSCS - COSC 106 - CS Elective 2 (Introduction to Game Development)", "action_flag": 1, "change_message": "[{\"added\": {}}]"}}, {"model": "admin.logentry", "pk": 126, "fields": {"action_time": "2025-01-10T04:49:02.865Z", "user": 1, "content_type": 8, "object_id": "110", "object_repr": "BSCS - DCIT 60 - Methods of Research", "action_flag": 1, "change_message": "[{\"added\": {}}]"}}, {"model": "admin.logentry", "pk": 127, "fields": {"action_time": "2025-01-10T04:49:46.346Z", "user": 1, "content_type": 8, "object_id": "111", "object_repr": "BSCS - ITEC 85 - Information Assurance and Security", "action_flag": 1, "change_message": "[{\"added\": {}}]"}}, {"model": "admin.logentry", "pk": 128, "fields": {"action_time": "2025-01-10T04:50:29.381Z", "user": 1, "content_type": 8, "object_id": "112", "object_repr": "BSCS - COSC 199 - Practicum (minimum 240 hours)", "action_flag": 1, "change_message": "[{\"added\": {}}]"}}, {"model": "admin.logentry", "pk": 129, "fields": {"action_time": "2025-01-10T04:51:47.892Z", "user": 1, "content_type": 8, "object_id": "113", "object_repr": "BSCS - ITEC 80 - Human Computer Interaction", "action_flag": 1, "change_message": "[{\"added\": {}}]"}}, {"model": "admin.logentry", "pk": 130, "fields": {"action_time": "2025-01-10T04:52:58.679Z", "user": 1, "content_type": 8, "object_id": "114", "object_repr": "BSCS - COSC 100 - Automata Theory and Formal Languages", "action_flag": 1, "change_message": "[{\"added\": {}}]"}}, {"model": "admin.logentry", "pk": 131, "fields": {"action_time": "2025-01-10T04:54:19.379Z", "user": 1, "content_type": 8, "object_id": "115", "object_repr": "BSCS - COSC 105 - Intelligent Systems", "action_flag": 1, "change_message": "[{\"added\": {}}]"}}, {"model": "admin.logentry", "pk": 132, "fields": {"action_time": "2025-01-10T04:55:05.608Z", "user": 1, "content_type": 8, "object_id": "116", "object_repr": "BSCS - COSC 111 - CS Elective 3 (Internet Of Things)", "action_flag": 1, "change_message": "[{\"added\": {}}]"}}, {"model": "admin.logentry", "pk": 133, "fields": {"action_time": "2025-01-10T04:55:44.356Z", "user": 1, "content_type": 8, "object_id": "117", "object_repr": "BSCS - COSC 200A - Undergraduate Thesis 1", "action_flag": 1, "change_message": "[{\"added\": {}}]"}}, {"model": "admin.logentry", "pk": 134, "fields": {"action_time": "2025-01-10T04:56:01.864Z", "user": 1, "content_type": 8, "object_id": "118", "object_repr": "BSCS - GNED 07 - The Contemporary World", "action_flag": 1, "change_message": "[{\"added\": {}}]"}}, {"model": "admin.logentry", "pk": 135, "fields": {"action_time": "2025-01-10T04:56:23.934Z", "user": 1, "content_type": 8, "object_id": "119", "object_repr": "BSCS - GNED 10 - Gender and Society", "action_flag": 1, "change_message": "[{\"added\": {}}]"}}, {"model": "admin.logentry", "pk": 136, "fields": {"action_time": "2025-01-10T04:57:04.450Z", "user": 1, "content_type": 8, "object_id": "120", "object_repr": "BSCS - COSC 110 - Numerical and Symbolic Computation", "action_flag": 1, "change_message": "[{\"added\": {}}]"}}, {"model": "admin.logentry", "pk": 137, "fields": {"action_time": "2025-01-10T04:57:54.698Z", "user": 1, "content_type": 8, "object_id": "121", "object_repr": "BSCS - COSC 200B - Undergraduate Thesis 2", "action_flag": 1, "change_message": "[{\"added\": {}}]"}}, {"model": "auth.permission", "pk": 1, "fields": {"name": "Can add log entry", "content_type": 1, "codename": "add_logentry"}}, {"model": "auth.permission", "pk": 2, "fields": {"name": "Can change log entry", "content_type": 1, "codename": "change_logentry"}}, {"model": "auth.permission", "pk": 3, "fields": {"name": "Can delete log entry", "content_type": 1, "codename": "delete_logentry"}}, {"model": "auth.permission", "pk": 4, "fields": {"name": "Can view log entry", "content_type": 1, "codename": "view_logentry"}}, {"model": "auth.permission", "pk": 5, "fields": {"name": "Can add permission", "content_type": 2, "codename": "add_permission"}}, {"model": "auth.permission", "pk": 6, "fields": {"name": "Can change permission", "content_type": 2, "codename": "change_permission"}}, {"model": "auth.permission", "pk": 7, "fields": {"name": "Can delete permission", "content_type": 2, "codename": "delete_permission"}}, {"model": "auth.permission", "pk": 8, "fields": {"name": "Can view permission", "content_type": 2, "codename": "view_permission"}}, {"model": "auth.permission", "pk": 9, "fields": {"name": "Can add group", "content_type": 3, "codename": "add_group"}}, {"model": "auth.permission", "pk": 10, "fields": {"name": "Can change group", "content_type": 3, "codename": "change_group"}}, {"model": "auth.permission", "pk": 11, "fields": {"name": "Can delete group", "content_type": 3, "codename": "delete_group"}}, {"model": "auth.permission", "pk": 12, "fields": {"name": "Can view group", "content_type": 3, "codename": "view_group"}}, {"model": "auth.permission", "pk": 13, "fields": {"name": "Can add user", "content_type": 4, "codename": "add_user"}}, {"model": "auth.permission", "pk": 14, "fields": {"name": "Can change user", "content_type": 4, "codename": "change_user"}}, {"model": "auth.permission", "pk": 15, "fields": {"name": "Can delete user", "content_type": 4, "codename": "delete_user"}}, {"model": "auth.permission", "pk": 16, "fields": {"name": "Can view user", "content_type": 4, "codename": "view_user"}}, {"model": "auth.permission", "pk": 17, "fields": {"name": "Can add content type", "content_type": 5, "codename": "add_contenttype"}}, {"model": "auth.permission", "pk": 18, "fields": {"name": "Can change content type", "content_type": 5, "codename": "change_contenttype"}}, {"model": "auth.permission", "pk": 19, "fields": {"name": "Can delete content type", "content_type": 5, "codename": "delete_contenttype"}}, {"model": "auth.permission", "pk": 20, "fields": {"name": "Can view content type", "content_type": 5, "codename": "view_contenttype"}}, {"model": "auth.permission", "pk": 21, "fields": {"name": "Can add session", "content_type": 6, "codename": "add_session"}}, {"model": "auth.permission", "pk": 22, "fields": {"name": "Can change session", "content_type": 6, "codename": "change_session"}}, {"model": "auth.permission", "pk": 23, "fields": {"name": "Can delete session", "content_type": 6, "codename": "delete_session"}}, {"model": "auth.permission", "pk": 24, "fields": {"name": "Can view session", "content_type": 6, "codename": "view_session"}}, {"model": "auth.permission", "pk": 25, "fields": {"name": "Can add student", "content_type": 7, "codename": "add_student"}}, {"model": "auth.permission", "pk": 26, "fields": {"name": "Can change student", "content_type": 7, "codename": "change_student"}}, {"model": "auth.permission", "pk": 27, "fields": {"name": "Can delete student", "content_type": 7, "codename": "delete_student"}}, {"model": "auth.permission", "pk": 28, "fields": {"name": "Can view student", "content_type": 7, "codename": "view_student"}}, {"model": "auth.permission", "pk": 29, "fields": {"name": "Can add subjects", "content_type": 8, "codename": "add_subjects"}}, {"model": "auth.permission", "pk": 30, "fields": {"name": "Can change subjects", "content_type": 8, "codename": "change_subjects"}}, {"model": "auth.permission", "pk": 31, "fields": {"name": "Can delete subjects", "content_type": 8, "codename": "delete_subjects"}}, {"model": "auth.permission", "pk": 32, "fields": {"name": "Can view subjects", "content_type": 8, "codename": "view_subjects"}}, {"model": "auth.permission", "pk": 33, "fields": {"name": "Can add subject", "content_type": 8, "codename": "add_subject"}}, {"model": "auth.permission", "pk": 34, "fields": {"name": "Can change subject", "content_type": 8, "codename": "change_subject"}}, {"model": "auth.permission", "pk": 35, "fields": {"name": "Can delete subject", "content_type": 8, "codename": "delete_subject"}}, {"model": "auth.permission", "pk": 36, "fields": {"name": "Can view subject", "content_type": 8, "codename": "view_subject"}}, {"model": "auth.permission", "pk": 37, "fields": {"name": "Can add instructor", "content_type": 9, "codename": "add_instructor"}}, {"model": "auth.permission", "pk": 38, "fields": {"name": "Can change instructor", "content_type": 9, "codename": "change_instructor"}}, {"model": "auth.permission", "pk": 39, "fields": {"name": "Can delete instructor", "content_type": 9, "codename": "delete_instructor"}}, {"model": "auth.permission", "pk": 40, "fields": {"name": "Can view instructor", "content_type": 9, "codename": "view_instructor"}}, {"model": "auth.permission", "pk": 41, "fields": {"name": "Can add program", "content_type": 10, "codename": "add_program"}}, {"model": "auth.permission", "pk": 42, "fields": {"name": "Can change program", "content_type": 10, "codename": "change_program"}}, {"model": "auth.permission", "pk": 43, "fields": {"name": "Can delete program", "content_type": 10, "codename": "delete_program"}}, {"model": "auth.permission", "pk": 44, "fields": {"name": "Can view program", "content_type": 10, "codename": "view_program"}}, {"model": "auth.permission", "pk": 45, "fields": {"name": "Can add checklist", "content_type": 11, "codename": "add_checklist"}}, {"model": "auth.permission", "pk": 46, "fields": {"name": "Can change checklist", "content_type": 11, "codename": "change_checklist"}}, {"model": "auth.permission", "pk": 47, "fields": {"name": "Can delete checklist", "content_type": 11, "codename": "delete_checklist"}}, {"model": "auth.permission", "pk": 48, "fields": {"name": "Can view checklist", "content_type": 11, "codename": "view_checklist"}}, {"model": "auth.permission", "pk": 49, "fields": {"name": "Can add checklist item", "content_type": 12, "codename": "add_checklistitem"}}, {"model": "auth.permission", "pk": 50, "fields": {"name": "Can change checklist item", "content_type": 12, "codename": "change_checklistitem"}}, {"model": "auth.permission", "pk": 51, "fields": {"name": "Can delete checklist item", "content_type": 12, "codename": "delete_checklistitem"}}, {"model": "auth.permission", "pk": 52, "fields": {"name": "Can view checklist item", "content_type": 12, "codename": "view_checklistitem"}}, {"model": "auth.user", "pk": 1, "fields": {"password": "pbkdf2_sha256$870000$ZpVFvOMKaT4hCcilBT3aeG$tG+kr6JI6cQu6Y/wny4fzYVRrjKg+Ztxm5SLMMDUGJw=", "last_login": "2025-01-14T00:48:53.981Z", "is_superuser": true, "username": "admin", "first_name": "admin", "last_name": "admin", "email": "defaultuser@email.com", "is_staff": true, "is_active": true, "date_joined": "2024-12-04T16:36:48Z", "groups": [], "user_permissions": []}}, {"model": "auth.user", "pk": 2, "fields": {"password": "pbkdf2_sha256$870000$LXmmHSAYnyeGXMa8jEP72M$N2nTWkLTcYzpAxr79Y+4nkYnL1IDLdURgSigxkZXSZ8=", "last_login": "2024-12-28T10:51:29.440Z", "is_superuser": false, "username": "baerted", "first_name": "Ted", "last_name": "Baer", "email": "luishagailcanonoy@gmail.com", "is_staff": false, "is_active": true, "date_joined": "2024-12-28T10:43:20.569Z", "groups": [], "user_permissions": []}}, {"model": "auth.user", "pk": 4, "fields": {"password": "pbkdf2_sha256$870000$0cyHSliOIDxJCX51x59465$M0bVIF98JAe4j5l1Dwn8gtD51M1hw02GLxyOmSK/HQs=", "last_login": "2025-01-10T15:19:26.607Z", "is_superuser": false, "username": "kumaalii", "first_name": "Alii", "last_name": "Kuma", "email": "bebotcans@gmail.com", "is_staff": false, "is_active": true, "date_joined": "2025-01-06T15:26:16.423Z", "groups": [], "user_permissions": []}}, {"model": "auth.user", "pk": 5, "fields": {"password": "pbkdf2_sha256$870000$Ism3QETy41yaDijh9l1RD0$RmmmG7xxZ8TCG7JUcjAu/IT8IRavwheiKAdyR/C3r7Y=", "last_login": null, "is_superuser": false, "username": "testzam", "first_name": "Zam", "last_name": "test", "email": "bebotcans@gmail.com", "is_staff": false, "is_active": true, "date_joined": "2025-01-06T18:52:00.867Z", "groups": [], "user_permissions": []}}, {"model": "auth.user", "pk": 7, "fields": {"password": "pbkdf2_sha256$870000$JIXuc41mNrOaya6qdnM59V$ciy9Rm9bcQLIyhaQ7fBG3fmCoHL8/E5O8Akqcj5ndYw=", "last_login": "2025-01-11T05:53:32.648Z", "is_superuser": false, "username": "reyescrisha nicole", "first_name": "Crisha Nicole", "last_name": "Reyes", "email": "bc.crishanicole.reyes@cvsu.edu.ph", "is_staff": false, "is_active": true, "date_joined": "2025-01-11T01:29:46.238Z", "groups": [], "user_permissions": []}}, {"model": "auth.user", "pk": 8, "fields": {"password": "pbkdf2_sha256$870000$Ko7JHjYRLEhB3lVbTMhTUC$HbAhyJKGcARkeY2kIi3sF29hFPFVzFRcwm5WCT0Y6qs=", "last_login": null, "is_superuser": false, "username": "zaballeroluisha", "first_name": "Luisha", "last_name": "Zaballero", "email": "bebotcans@gmail.com", "is_staff": false, "is_active": true, "date_joined": "2025-01-11T01:35:32.768Z", "groups": [], "user_permissions": []}}, {"model": "auth.user", "pk": 9, "fields": {"password": "pbkdf2_sha256$870000$qMzX9jnWAacIzVa7yKw1aY$XscEOWy4XFqbiH11YyqwGI3IDvNu4mGVsL3cMJU4NF8=", "last_login": null, "is_superuser": false, "username": "sauyertom", "first_name": "Tom", "last_name": "Sauyer", "email": "bebotcans@gmail.com", "is_staff": false, "is_active": true, "date_joined": "2025-01-14T00:53:37.913Z", "groups": [], "user_permissions": []}}, {"model": "contenttypes.contenttype", "pk": 1, "fields": {"app_label": "admin", "model": "logentry"}}, {"model": "contenttypes.contenttype", "pk": 2, "fields": {"app_label": "auth", "model": "permission"}}, {"model": "contenttypes.contenttype", "pk": 3, "fields": {"app_label": "auth", "model": "group"}}, {"model": "contenttypes.contenttype", "pk": 4, "fields": {"app_label": "auth", "model": "user"}}, {"model": "contenttypes.contenttype", "pk": 5, "fields": {"app_label": "contenttypes", "model": "contenttype"}}, {"model": "contenttypes.contenttype", "pk": 6, "fields": {"app_label": "sessions", "model": "session"}}, {"model": "contenttypes.contenttype", "pk": 7, "fields": {"app_label": "admin_dashboard", "model": "student"}}, {"model": "contenttypes.contenttype", "pk": 8, "fields": {"app_label": "admin_dashboard", "model": "subject"}}, {"model": "contenttypes.contenttype", "pk": 9, "fields": {"app_label": "admin_dashboard", "model": "instructor"}}, {"model": "contenttypes.contenttype", "pk": 10, "fields": {"app_label": "admin_dashboard", "model": "program"}}, {"model": "contenttypes.contenttype", "pk": 11, "fields": {"app_label": "admin_dashboard", "model": "checklist"}}, {"model": "contenttypes.contenttype", "pk": 12, "fields": {"app_label": "admin_dashboard", "model": "checklistitem"}}, {"model": "sessions.session", "pk": "erk8oo0wguxdxntnqljsa8rezezxlgee", "fields": {"session_data": ".eJxVjMsOwiAQRf-FtSEDMkBduu83NDMMSNXQpI-V8d-1SRe6veec-1IDbWsdtiXPwyjqooI6_W5M6ZHbDuRO7TbpNLV1Hlnvij7oovtJ8vN6uH8HlZb6rSkhCxgEK1wKQrAOXPDiyZyh81ksY4QYJcfIjrEUk4sgebDUCbJ6fwDmYTgs:1tWURA:ftLMDdSYUs3zeowL0sYQQA3UxwCax479UcZbOm-KkrQ", "expire_date": "2025-01-25T05:53:32.653Z"}}, {"model": "sessions.session", "pk": "k70z080mb1pg8ksba5trqrenxjzmyxss", "fields": {"session_data": ".eJxVjEEOwiAQRe_C2hAY6lBcuvcMBJhBqoYmpV0Z7y5NutDte-__t_BhW4vfGi9-InERWpx-WQzpyXUX9Aj1Pss013WZotwTedgmbzPx63q0fwcltNLXAw-QozIaDTs00WgHOVmyxp6dSoq6JxxHRpUxcQAMGgxbyIzQufh8AcyHN04:1tJ0X3:XMcPmxl-MQHuxToyRMemLhLsY3sLOLYyzbJw7MCpkcY", "expire_date": "2024-12-19T01:19:53.421Z"}}, {"model": "sessions.session", "pk": "lys9ncl0b3akhkmcpafk6pulh7s5jkiw", "fields": {"session_data": ".eJxVjEEOwiAQRe_C2hAY6lBcuvcMBJhBqoYmpV0Z7y5NutDte-__t_BhW4vfGi9-InERWpx-WQzpyXUX9Aj1Pss013WZotwTedgmbzPx63q0fwcltNLXAw-QozIaDTs00WgHOVmyxp6dSoq6JxxHRpUxcQAMGgxbyIzQufh8AcyHN04:1tXV70:BiZ2iCwJID1PQd_jYpbvxt1L8T6ZU8E8pc-66RWubqo", "expire_date": "2025-01-28T00:48:54.007Z"}}, {"model": "sessions.session", "pk": "qhvuoohofgtfibcmo96ty7wertfhw2pn", "fields": {"session_data": ".eJxVjEEOwiAQRe_C2hAY6lBcuvcMBJhBqoYmpV0Z7y5NutDte-__t_BhW4vfGi9-InERWpx-WQzpyXUX9Aj1Pss013WZotwTedgmbzPx63q0fwcltNLXAw-QozIaDTs00WgHOVmyxp6dSoq6JxxHRpUxcQAMGgxbyIzQufh8AcyHN04:1tJ0Q7:lKv3-xIBlOkG-NC4XJKQfs7-YmTtOrrCQhFIz87NuK8", "expire_date": "2024-12-19T01:12:43.002Z"}}, {"model": "sessions.session", "pk": "surmxxlk60qb90lspsqbdj7xvh4doy4j", "fields": {"session_data": ".eJxVjEEOwiAQRe_C2hAY6lBcuvcMBJhBqoYmpV0Z7y5NutDte-__t_BhW4vfGi9-InERWpx-WQzpyXUX9Aj1Pss013WZotwTedgmbzPx63q0fwcltNLXAw-QozIaDTs00WgHOVmyxp6dSoq6JxxHRpUxcQAMGgxbyIzQufh8AcyHN04:1tW561:Phg_97FtcbAHPwZxkkMmEvXd8Ft-PiHa4xSHq1gUO9w", "expire_date": "2025-01-24T02:50:01.277Z"}}, {"model": "sessions.session", "pk": "utx450l1lmm7yg68l3hbl5zxse25z0q8", "fields": {"session_data": ".eJxVjEEOwiAQRe_C2hAY6lBcuvcMBJhBqoYmpV0Z7y5NutDte-__t_BhW4vfGi9-InERWpx-WQzpyXUX9Aj1Pss013WZotwTedgmbzPx63q0fwcltNLXAw-QozIaDTs00WgHOVmyxp6dSoq6JxxHRpUxcQAMGgxbyIzQufh8AcyHN04:1tLVd5:oB9OpKqwCcQE7Xho3Fs_bS9GaMOsH_5Rln1B2N07AuM", "expire_date": "2024-12-25T22:56:27.236Z"}}]